"id","word","answer"
"1","adolescent","adolescente"
"2","lover","amante"
"3","analyst","analista"
"4","artist, performer","artista"
"5","candidate, applicant","aspirante"
"6","athlete","atleta"
"7","aide, auxiliary","auxiliar"
"8","helper, assistant","ayudante"
"9","sugar","azúcar"
"10","baby","bebé"
"11","singer","cantante"
"12","scientist","científico"
"13","colleague","colega"
"14","commander, commanding officer","comandante"
"15","merchant, businessperson","comerciante"
"16","fellow countryman","compatriota"
"17","colonel","coronel"
"18","believer, follower","creyente"
"19","accomplice","cómplice"
"20","delinquent","delincuente"
"21","descendant","descendiente"
"22","teacher","docente"
"23","economist","economista"
"24","the lawyer","el abogado"
"25","the hug, embrace","el abrazo"
"26","the grandfather","el abuelo"
"27","the abuse, misuse","el abuso"
"28","the accent, stress","el acento"
"29","the steel","el acero"
"30","the act, action","el acto"
"31","the accord","el acuerdo"
"32","the defendant, accused","el acusado"
"33","the gesture, expression","el ademán"
"34","the decoration, adornment","el adorno"
"35","the adult, grown-up","el adulto"
"36","the affection, fondness","el afecto"
"37","the fan, devotee","el aficionado"
"38","the eagerness, zeal, effort","el afán"
"39","the farmer","el agricultor"
"40","the air, wind, appearance","el aire"
"41","the isolation","el aislamiento"
"42","the alcohol","el alcohol"
"43","the cotton","el algodón"
"44","the food, nourishment","el alimento"
"45","the relief, appeasement, consolation","el alivio"
"46","the lunch","el almuerzo"
"47","the surrounding area, vicinity","el alrededor"
"48","the student, pupil","el alumno"
"49","the environment, atmosphere","el ambiente"
"50","the friend","el amigo"
"51","the protection, shelter","el amparo"
"52","the width","el ancho"
"53","the (finger) ring","el anillo"
"54","the animal","el animal"
"55","the antecedent","el antecedente"
"56","the ancestor","el antepasado"
"57","the analysis","el análisi"
"58","the apartment","el apartamento"
"59","the applause, praise, acclaim","el aplauso"
"60","the contribution","el aporte"
"61","the apostle","el apóstol"
"62","the archive, file, filing cabinet","el archivo"
"63","the arch, arc, bow","el arco"
"64","the argument, plot","el argumento"
"65","the closet, cupboard","el armario"
"66","the arrangement","el arreglo"
"67","the article, product, item","el artículo"
"68","the elevator","el ascensor"
"69","the settlement, colony","el asentamiento"
"70","the murder, assassination","el asesinato"
"71","the killer, assassin","el asesino"
"72","the adviser, consultant","el asesor"
"73","the seat, chair","el asiento"
"74","the aspect, appearance","el aspecto"
"75","the attack, raid","el ataque"
"76","the coffin, casket","el ataúd"
"77","the attribute, quality","el atributo"
"78","the peak, boom","el auge"
"79","the increase, rise","el aumento"
"80","the auto, car","el auto"
"81","the bus","el autobú"
"82","the automobile","el automóvil"
"83","the advance, progress","el avance"
"84","the plane, airplane, aircraft","el avión"
"85","the year","el año"
"86","the dancer","el bailarín"
"87","the dance, ball","el baile"
"88","the ballet","el ballet"
"89","the faction, side","el bando"
"90","the (snack) bar, café","el bar"
"91","the clay, mud","el barro"
"92","the bathroom, bath, swim","el baño"
"93","the benefit, profit","el beneficio"
"94","the kiss","el beso"
"95","the goods, property","el bien"
"96","the well-being, welfare","el bienestar"
"97","the ticket, bill, note","el billete"
"98","the bag, purse","el bolso"
"99","the forest","el bosque"
"100","the boat, container","el bote"
"101","the button","el botón"
"102","the ox","el buey"
"103","the donkey","el burro"
"104","the gentleman, knight","el caballero"
"105","the horse","el caballo"
"106","the corpse, body","el cadáver"
"107","the heat, warmth","el calor"
"108","the change","el cambio"
"109","the field, country","el campo"
"110","the chancellor, ambassador","el canciller"
"111","the candidate","el candidato"
"112","the chaos","el caos"
"113","the capitalism","el capitalismo"
"114","the captain, chief","el capitán"
"115","the snail, shell","el caracol"
"116","the carbon, coal","el carbono"
"117","the cardinal","el cardenal"
"118","the personality, nature","el carácter"
"119","the case, occasion","el caso"
"120","the punishment, penalty","el castigo"
"121","the castle","el castillo"
"122","the cemetery, graveyard","el cementerio"
"123","the cent","el centavo"
"124","the center, middle, downtown","el centro"
"125","the certificate","el certificado"
"126","the check","el cheque"
"127","the boy","el chico"
"128","the joke, funny story","el chiste"
"129","the stream, jet, spurt","el chorro"
"130","the cycle","el ciclo"
"131","the sky, heaven, ceiling","el cielo"
"132","the cigarette","el cigarrillo"
"133","the cigarette, cigar","el cigarro"
"134","the cinema, US movie theater","el cine"
"135","the belt","el cinturón"
"136","the circuit, circumference, track","el circuito"
"137","the citizen","el ciudadano"
"138","the nail, tack, peg","el clavo"
"139","the copper","el cobre"
"140","the car, carriage","el coche"
"141","the coconut","el coco"
"142","the elbow","el codo"
"143","the collaborator","el colaborador"
"144","the collective, group","el colectivo"
"145","the (high) school, college","el colegio"
"146","the collar, necklace","el collar"
"147","the fuel","el combustible"
"148","the dining room","el comedor"
"149","the remark, comment","el comentario"
"150","the commerce, trade","el comercio"
"151","the complex","el complejo"
"152","the component, ingredient","el componente"
"153","the behavior, conduct","el comportamiento"
"154","the composer","el compositor"
"155","the buyer","el comprador"
"156","the communism","el comunismo"
"157","the concept","el concepto"
"158","the competition, gathering","el concurso"
"159","the congress","el congreso"
"160","the consensus, consent","el consenso"
"161","the consumer","el consumidor"
"162","the consumption","el consumo"
"163","the contents, content","el contenido"
"164","the context","el contexto"
"165","the control","el control"
"166","the coordinator, organizer","el coordinador"
"167","the heart, core","el corazón"
"168","the court (f), cut (m)","el corte"
"169","the price, cost, expense","el costo"
"170","the growth, increase","el crecimiento"
"171","the crime, murder","el crimen"
"172","the Christianity","el cristianismo"
"173","the notebook, workbook","el cuaderno"
"174","the quarters, barracks","el cuartel"
"175","the room, chamber","el cuarto"
"176","the knife","el cuchillo"
"177","the neck, collar","el cuello"
"178","the body","el cuerpo"
"179","the care, carefulness","el cuidado"
"180","the fulfillment, compliment","el cumplimiento"
"181","the course, direction","el curso"
"182","the calculation, calculus","el cálculo"
"183","the cancer","el cáncer"
"184","the circle, club","el círculo"
"185","the code","el código"
"186","the duty, obligation","el deber"
"187","the finger, toe, digit","el dedo"
"188","the defect","el defecto"
"189","the delegate, representative","el delegado"
"190","the demon, devil","el demonio"
"191","the department, apartment","el departamento"
"192","the sport","el deporte"
"193","the right, justice, law","el derecho"
"194","the challenge, provocation","el desafío"
"195","the development","el desarrollo"
"196","the disaster","el desastre"
"197","the rest, interval, break","el descanso"
"198","the decline, descent, lowering","el descenso"
"199","the discovery","el descubrimiento"
"200","the performance, achievement","el desempeño"
"201","the disorder, mess","el desorden"
"202","the office, study","el despacho"
"203","the contempt, disdain","el desprecio"
"204","the destination, destiny","el destino"
"205","the prisoner, detainee","el detenido"
"206","the newspaper","el diario"
"207","the drawing, sketch","el dibujo"
"208","the dictionary","el diccionario"
"209","the deceased","el difunto"
"210","the money","el dinero"
"211","the deputy, member","el diputado"
"212","the director, manager, principal","el director"
"213","the disciple","el discípulo"
"214","the designer, stylist","el diseñador"
"215","the design","el diseño"
"216","the disgust, annoyance","el disgusto"
"217","the shot, discharge","el disparo"
"218","the district, area","el distrito"
"219","the divorce","el divorcio"
"220","the doctor","el doctor"
"221","the document","el documento"
"222","the pain, ache, sorrow","el dolor"
"223","the drama","el drama"
"224","the owner, landlord (m)","el dueño"
"225","the duke","el duque"
"226","the dollar","el dólar"
"227","the building","el edificio"
"228","the editor, publisher","el editor"
"229","the effect","el efecto"
"230","the executive, manager","el ejecutivo"
"231","the electron","el electrón"
"232","the emperor","el emperador"
"233","the insistence, determination","el empeño"
"234","the employee","el empleado"
"235","the work, job, occupation","el empleo"
"236","the job, order, errand","el encargo"
"237","the confinement, imprisonment","el encierro"
"238","the enemy","el enemigo"
"239","the January","el enero"
"240","the confrontation","el enfrentamiento"
"241","the link, connection, bond","el enlace"
"242","the essay, rehearsal","el ensayo"
"243","the entity, being, firm","el ente"
"244","the burial","el entierro"
"245","the training","el entrenamiento"
"246","the episode, incident","el episodio"
"247","the balance","el equilibrio"
"248","the team, equipment, outfit","el equipo"
"249","the stage, setting, scene","el escenario"
"250","the desk, bureau","el escritorio"
"251","the shield, coat of arms","el escudo"
"252","the scandal","el escándalo"
"253","the effort, endeavor","el esfuerzo"
"254","the space, room","el espacio"
"255","the fright, ghost","el espanto"
"256","the spectacle, show","el espectáculo"
"257","the husband, spouse","el esposo"
"258","the spirit, ghost","el espíritu"
"259","the establishment","el establecimiento"
"260","the stadium","el estadio"
"261","the statute","el estatuto"
"262","the study, learning","el estudio"
"263","the stimulus, encouragement","el estímulo"
"264","the stomach","el estómago"
"265","the gospel","el evangelio"
"266","the event","el evento"
"267","the excess","el exceso"
"268","the mistake, blunder, fault","el fallo"
"269","the favor, benefit","el favor"
"270","the (cutting) edge","el filo"
"271","the filter, screening","el filtro"
"272","the philosopher","el filósofo"
"273","the end","el fin"
"274","the district attorney, prosecutor","el fiscal"
"275","the focus","el foco"
"276","the failure, collapse","el fracaso"
"277","the fraud","el fraude"
"278","the fruit, result","el fruto"
"279","the functioning, operation","el funcionamiento"
"280","the civil servant","el funcionario"
"281","the future","el futuro"
"282","the soccer","el fútbol"
"283","the cabinet, den, office","el gabinete"
"284","the expense, outlay,","el gasto"
"285","the cat","el gato"
"286","the gene","el gen"
"287","the genius, disposition","el genio"
"288","the balloon, globe","el globo"
"289","the governor","el gobernador"
"290","the government","el gobierno"
"291","the goal","el gol"
"292","the gulf, bay","el golfo"
"293","the hit, strike, punch","el golpe"
"294","the degree, grade","el grado"
"295","the grain, kernel","el grano"
"296","the group","el grupo"
"297","the guard, watch, lookout","el guardia"
"298","the guardian","el guardián"
"299","the warrior, soldier","el guerrero"
"300","the finding, discovery","el hallazgo"
"301","the brother, [pl] siblings","el hermano"
"302","the hydrogen","el hidrógeno"
"303","the ice","el hielo"
"304","the son, [pl] children","el hijo"
"305","the thread, yarn, wire","el hilo"
"306","the historian","el historiador"
"307","the man, mankind, husband","el hombre"
"308","the homage, tribute","el homenaje"
"309","the honor, honesty","el honor"
"310","the horizon","el horizonte"
"311","the oven, furnace","el horno"
"312","the hotel","el hotel"
"313","the egg","el huevo"
"314","the smoke","el humo"
"315","the habit","el hábito"
"316","the liver","el hígado"
"317","the impact","el impacto"
"318","the empire, fortune","el imperio"
"319","the incident","el incidente"
"320","the individual, person","el individuo"
"321","the engineer","el ingeniero"
"322","the entrance, admission, income","el ingreso"
"323","the beginning, start","el inicio"
"324","the inspector","el inspector"
"325","the institute","el instituto"
"326","the instrument","el instrumento"
"327","the insult","el insulto"
"328","the attempt, try","el intento"
"329","the exchange, interchange","el intercambio"
"330","the interior, inside","el interior"
"331","the researcher, investigator","el investigador"
"332","the winter","el invierno"
"333","the soap","el jabón"
"334","the garden","el jardín"
"335","the leader, boss, manager","el jefe"
"336","the Jew","el judío"
"337","the Thursday","el juev"
"338","the player, gambler","el jugador"
"339","the juice","el jugo"
"340","the toy","el juguete"
"341","the judgment","el juicio"
"342","the July","el julio"
"343","the June","el junio"
"344","the jury, juror","el jurado"
"345","the kilometer","el kilómetro"
"346","the laboratory","el laboratorio"
"347","the brick","el ladrillo"
"348","the lake","el lago"
"349","the lament, moan","el lamento"
"350","the length","el largo"
"351","the reader, lecturer","el lector"
"352","the legislator","el legislador"
"353","the language, speech","el lenguaje"
"354","the lens, [pl] glasses","el lente"
"355","the lion","el león"
"356","the book","el libro"
"357","the graduate, lawyer","el licenciado"
"358","the lemon, lime","el limón"
"359","the crying, weeping","el llanto"
"360","the wolf","el lobo"
"361","the back, loin, spine","el lomo"
"362","the luxury","el lujo"
"363","the pencil","el lápiz"
"364","the leader","el líder"
"365","the limit","el límite"
"366","the mess, problem, bad situation","el lío"
"367","the male, manliness","el macho"
"368","the teacher (m), master","el maestro"
"369","the magician, wizard","el mago"
"370","the mammal","el mamífero"
"371","the mandate, order, command","el mandato"
"372","the command, authority","el mando"
"373","the handle, mango","el mango"
"374","the cloak","el manto"
"375","the sea","el mar"
"376","the sign, scoreboard","el marcador"
"377","the March","el marzo"
"378","the marriage, married couple","el matrimonio"
"379","the means, resources","el medio"
"380","the noon, midday","el mediodía"
"381","the message","el mensaje"
"382","the metal","el metal"
"383","the fear","el miedo"
"384","the miracle","el milagro"
"385","the millennium","el milenio"
"386","the millionaire","el millonario"
"387","the ministry","el ministerio"
"388","the (government) secretary, minister","el ministro"
"389","the mystery","el misterio"
"390","the Wednesday","el miércol"
"391","the model, pattern","el modelo"
"392","the monastery, convent","el monasterio"
"393","the monkey","el mono"
"394","the monopoly","el monopolio"
"395","the mountain","el monte"
"396","the lot of, heap, pile","el montón"
"397","the counter, desk","el mostrador"
"398","the motive, cause","el motivo"
"399","the engine, motor","el motor"
"400","the movement","el movimiento"
"401","the waiter, youth, bellboy","el mozo"
"402","the (piece of) furniture","el mueble"
"403","the murmur, whispering","el murmullo"
"404","the (outer) wall, rampart","el muro"
"405","the thigh","el muslo"
"406","the doctor","el médico"
"407","the worth, merit","el mérito"
"408","the method","el método"
"409","the business, transaction","el negocio"
"410","the nerve","el nervio"
"411","the grandchild","el nieto"
"412","the child, little boy","el niño"
"413","the appointment, nomination","el nombramiento"
"414","the north","el norte"
"415","the knot","el nudo"
"416","the nucleus, core","el núcleo"
"417","the number","el número"
"418","the bishop","el obispo"
"419","the objective","el objetivo"
"420","the worker, laborer","el obrero"
"421","the observer","el observador"
"422","the West","el occidente"
"423","the ocean","el océano"
"424","the hatred","el odio"
"425","the job, occupation, function","el oficio"
"426","the smell, odor, fragrance","el olor"
"427","the forgetfulness, omission","el olvido"
"428","the computer","el ordenador"
"429","the origin, cause","el origen"
"430","the autumn","el otoño"
"431","the father","el padre"
"432","the palace","el palacio"
"433","the panorama, landscape","el panorama"
"434","the paper, role, part","el papel"
"435","the dad","el papá"
"436","the parliament, dialogue","el parlamento"
"437","the parameter","el parámetro"
"438","the step, pace","el paso"
"439","the grass, pasture","el pasto"
"440","the courtyard, playground, yard","el patio"
"441","the duck","el pato"
"442","the patrimony, inheritance","el patrimonio"
"443","the country","el país"
"444","the handkerchief, shawl","el pañuelo"
"445","the chest, breast","el pecho"
"446","the danger, menace","el peligro"
"447","the forgiveness, pardon","el perdón"
"448","the profile, outline","el perfil"
"449","the perfume","el perfume"
"450","the journalism","el periodismo"
"451","the dog","el perro"
"452","the character (e.g. movie)","el personaje"
"453","the period, time","el período"
"454","the peso (money), weight, load","el peso"
"455","the oil, petroleum","el petróleo"
"456","the (alive) fish","el pez"
"457","the unskilled laborer, field hand","el peón"
"458","the foot, base","el pie"
"459","the pine (tree)","el pino"
"460","the painter","el pintor"
"461","the floor, story","el piso"
"462","the pleasure","el placer"
"463","the plan","el plan"
"464","the planet","el planeta"
"465","the plane, map, level","el plano"
"466","the proposal, exposition","el planteamiento"
"467","the plate, dish","el plato"
"468","the power","el poder"
"469","the chicken","el pollo"
"470","the pole, polo, polo shirt","el polo"
"471","the percentage","el porcentaje"
"472","the reason, cause","el porqué"
"473","the website, portal ,entrance","el portal"
"474","the porter, doorkeeper, goalie","el portero"
"475","the future event/situation","el porvenir"
"476","the meadow, field, lawn","el prado"
"477","the precedent","el precedente"
"478","the prestige","el prestigio"
"479","the budget","el presupuesto"
"480","the beginning, principle","el principio"
"481","the privilege","el privilegio"
"482","the problem","el problema"
"483","the product","el producto"
"484","the professor, teacher","el profesor"
"485","the prophet","el profeta"
"486","the progress","el progreso"
"487","the average, middle,","el promedio"
"488","the protector, defender","el protector"
"489","the protocol, convention","el protocolo"
"490","the benefit, use","el provecho"
"491","the project, plan","el proyecto"
"492","the prince","el príncipe"
"493","the psychologist","el psicólogo"
"494","the people, village","el pueblo"
"495","the bridge","el puente"
"496","the port, harbor","el puerto"
"497","the job, place, position","el puesto"
"498","the lung","el pulmón"
"499","the point, dot, period","el punto"
"500","the bird","el pájaro"
"501","the eyelid","el párpado"
"502","the paragraph","el párrafo"
"503","the public, audience","el público"
"504","the task, job, chore","el quehacer"
"505","the cheese","el queso"
"506","the bunch (of flowers), branch","el ramo"
"507","the ranch, farm","el rancho"
"508","the rank, range","el rango"
"509","the track, sign, flea market","el rastro"
"510","the moment, while, time","el rato"
"511","the reasoning","el razonamiento"
"512","the claim, complaint, protest","el reclamo"
"513","the journey, itinerary, route","el recorrido"
"514","the principal, rector","el rector"
"515","the memory, keepsake","el recuerdo"
"516","the resources","el recurso"
"517","the shelter, refuge","el refugio"
"518","the gift, present","el regalo"
"519","the return","el regreso"
"520","the kingdom, reign","el reino"
"521","the tale, story","el relato"
"522","the relief","el relieve"
"523","the clock, watch","el reloj"
"524","the lightning","el relámpago"
"525","the alternative, cure, solution","el remedio"
"526","the repertoire, list, index","el repertorio"
"527","the news report","el reportaje"
"528","the rest, peace","el reposo"
"529","the prerequisite, requirement","el requisito"
"530","the respect, regard","el respeto"
"531","the restaurant","el restaurante"
"532","the result, outcome","el resultado"
"533","the return","el retorno"
"534","the delay","el retraso"
"535","the portrait, photograph","el retrato"
"536","the harshness, rigor","el rigor"
"537","the theft, robbery","el robo"
"538","the role","el rol"
"539","the wardrobe, closet","el ropero"
"540","the rosary, beads, string","el rosario"
"541","the face, countenance","el rostro"
"542","the record","el récord"
"543","the regime, diet","el régimen"
"544","the knowledge","el saber"
"545","the priest","el sacerdote"
"546","the jump, hop, skip","el salto"
"547","the greeting","el saludo"
"548","the saint (m)","el santo"
"549","the secret","el secreto"
"550","the sector, area, section","el sector"
"551","the kidnapping, seizure","el secuestro"
"552","the segment, sector","el segmento"
"553","the follower, supporter, fan","el seguidor"
"554","the second","el segundo"
"555","the insurance","el seguro"
"556","the seminar, seminary","el seminario"
"557","the senate","el senado"
"558","the senator","el senador"
"559","the breast, bosom, cavity","el seno"
"560","the feeling, sentiment","el sentimiento"
"561","the sir, Mr, lord","el señor"
"562","the show, display","el show"
"563","the sign, mark, symbol","el signo"
"564","the trade union","el sindicato"
"565","the system","el sistema"
"566","the nephew","el sobrino"
"567","the socialism","el socialismo"
"568","the sofa, couch","el sofá"
"569","the sun","el sol"
"570","the soldier","el soldado"
"571","the hat, sombrero","el sombrero"
"572","the sound","el sonido"
"573","the support, endorsement","el soporte"
"574","the sweat, perspiration","el sudor"
"575","the dream, sleep","el sueño"
"576","the suicide","el suicidio"
"577","the subject, individual","el sujeto"
"578","the supply, provision","el suministro"
"579","the south","el sur"
"580","the southeast","el sureste"
"581","the sigh","el suspiro"
"582","the fright, scare","el susto"
"583","the Saturday","el sábado"
"584","the tobacco, cigarette, cigar","el tabaco"
"585","the talent, skill","el talento"
"586","the workshop, shop","el taller"
"587","the size, dimension","el tamaño"
"588","the drum","el tambor"
"589","the tank, large container","el tanque"
"590","the theater, drama","el teatro"
"591","the fabric, tissue","el tejido"
"592","the fear","el temor"
"593","the temple, church","el templo"
"594","the earthquake","el terremoto"
"595","the terror, horror","el terror"
"596","the terrorism","el terrorismo"
"597","the witness","el testigo"
"598","the text","el texto"
"599","the time (general)","el tiempo"
"600","the tiger","el tigre"
"601","the type, kind","el tipo"
"602","the throw, shot","el tiro"
"603","the headline, holder","el titular"
"604","the tomato","el tomate"
"605","the (sum) total","el total"
"606","the worker, laborer","el trabajador"
"607","the swig, drink","el trago"
"608","the suit, dress, costume","el traje"
"609","the section, stretch, plot","el tramo"
"610","the passing, course, lapse","el transcurso"
"611","the transportation, transport","el transporte"
"612","the trolley, tram, streetcar","el tranvía"
"613","the transfer","el traslado"
"614","the confusion, trouble, upheaval","el trastorno"
"615","the treatment, manner, agreement","el trato"
"616","the trajectory, course, path","el trayecto"
"617","the court","el tribunal"
"618","the wheat","el trigo"
"619","the trunk, torso","el tronco"
"620","the throne","el trono"
"621","the piece, chunk","el trozo"
"622","the trick, ruse","el truco"
"623","the tube, pipe","el tubo"
"624","the tumor, growth","el tumor"
"625","the tourism","el turismo"
"626","the turn, shift","el turno"
"627","the tea","el té"
"628","the technician","el técnico"
"629","the term (language), end","el término"
"630","the uncle, guy","el tío"
"631","the uniform","el uniforme"
"632","the use","el uso"
"633","the user","el usuario"
"634","the emptiness, void","el vacío"
"635","the valley","el valle"
"636","the vapor, steam","el vapor"
"637","the vehicle, car","el vehículo"
"638","the veil","el velo"
"639","the dress","el vestido"
"640","the travel, trip","el viaje"
"641","the traveler, passenger","el viajero"
"642","the wind, scent","el viento"
"643","the Friday","el viern"
"644","the force, strength, vigor","el vigor"
"645","the wine","el vino"
"646","the virus","el viru"
"647","the vote","el voto"
"648","the flight","el vuelo"
"649","the video","el vídeo"
"650","the tie, bond, link","el vínculo"
"651","the deposit, field","el yacimiento"
"652","the acid","el ácido"
"653","the sphere, space","el ámbito"
"654","the angel","el ángel"
"655","the angle","el ángulo"
"656","the umpire, referee","el árbitro"
"657","the atom","el átomo"
"658","the index, forefinger","el índice"
"659","the organ","el órgano"
"660","equivalent","equivalente"
"661","specialist","especialista"
"662","student","estudiante"
"663","manufacturer","fabricante"
"664","soccer player","futbolista"
"665","manager, director","gerente"
"666","ruler, leader","gobernante"
"667","inhabitant","habitante"
"668","idiot, dunce","idiota"
"669","immigrant","inmigrante"
"670","performer, interpreter","intérprete"
"671","rider, horseman","jinete"
"672","teenager, young person","joven"
"673","judge","juez"
"674","the abundance","la abundancia"
"675","the sidewalk","la acera"
"676","the (meeting) proceedings, minutes","la acta"
"677","the attitude","la actitud"
"678","the activity, action","la actividad"
"679","the update, modernization","la actualización"
"680","the accumulation","la acumulación"
"681","the adaptation","la adaptación"
"682","the admiration","la admiración"
"683","the agency, branch","la agencia"
"684","the agriculture, farming","la agricultura"
"685","the group, association","la agrupación"
"686","the water","la agua"
"687","the wing, flank","la ala"
"688","the alarm","la alarma"
"689","the small village","la aldea"
"690","the joy, happiness","la alegría"
"691","the feeding, food","la alimentación"
"692","the pillow","la almohada"
"693","the alteration, change","la alteración"
"694","the height, altitude","la altura"
"695","the housekeeper, housewife","la ama"
"696","the threat","la amenaza"
"697","the friendship","la amistad"
"698","the anxiety, anguish","la ansia"
"699","the anxiety","la ansiedad"
"700","the antenna","la antena"
"701","the appearance, aspect","la apariencia"
"702","the opening, beginning","la apertura"
"703","the application","la aplicación"
"704","the contribution, support","la aportación"
"705","the sand","la arena"
"706","the weapon","la arma"
"707","the harmony","la armonía"
"708","the wrinkle","la arruga"
"709","the articulation, joint","la articulación"
"710","the assembly","la asamblea"
"711","the ambition, aspiration","la aspiración"
"712","the attention","la atención"
"713","the attraction","la atracción"
"714","the absence","la ausencia"
"715","the authority","la autoridad"
"716","the avenue","la avenida"
"717","the germ, bacteria","la bacteria"
"718","the bay","la bahía"
"719","the bullet, shot","la bala"
"720","the bank, banking","la banca"
"721","the (musical) band, sash","la banda"
"722","the tray","la bandeja"
"723","the atrocity","la barbaridad"
"724","the base, basis","la base"
"725","the battle","la batalla"
"726","the battery, gun deck","la batería"
"727","the drink, beverage","la bebida"
"728","the blessing, benediction","la bendición"
"729","the beast, brute","la bestia"
"730","the bicycle","la bicicleta"
"731","the marriage, wedding","la boda"
"732","the bag, purse, stock exchange","la bolsa"
"733","the breeze, air","la brisa"
"734","the joke","la broma"
"735","the witch, hag","la bruja"
"736","the hair","la cabellera"
"737","the head (part of body)","la cabeza"
"738","the chain","la cadena"
"739","the hip","la cadera"
"740","the bank, box, safe","la caja"
"741","the evaluation, qualification","la calificación"
"742","the calm, lull","la calma"
"743","the shirt","la camisa"
"744","the T-shirt","la camiseta"
"745","the bell","la campana"
"746","the campaign","la campaña"
"747","the playing field, court","la cancha"
"748","the song","la canción"
"749","the candidacy","la candidatura"
"750","the quantity, amount","la cantidad"
"751","the capacity","la capacidad"
"752","the training","la capacitación"
"753","the chapel","la capilla"
"754","the face, expression","la cara"
"755","the hearty laughter, guffaw","la carcajada"
"756","the lack, shortage","la carencia"
"757","the load, charge, cargo","la carga"
"758","the caress, stroke","la caricia"
"759","the charity","la caridad"
"760","the highway, road","la carretera"
"761","the house","la casa"
"762","the cause","la causa"
"763","the fall, drop, falling","la caída"
"764","the eyebrow, brow","la ceja"
"765","the cell","la celda"
"766","the celebration","la celebración"
"767","the dinner","la cena"
"768","the ash","la ceniza"
"769","the censorship, criticism","la censura"
"770","the beer, ale","la cerveza"
"771","the ceramics, pottery","la cerámica"
"772","the jacket","la chaqueta"
"773","the spark","la chispa"
"774","the figure, number, amount","la cifra"
"775","the tape, ribbon, film, strip","la cinta"
"776","the waist","la cintura"
"777","the circulation, traffic","la circulación"
"778","the circumstance","la circunstancia"
"779","the appointment, date, quotation","la cita"
"780","the city","la ciudad"
"781","the clearness, clarity","la claridad"
"782","the key","la clave"
"783","the coalition","la coalición"
"784","the line, queue, tail","la cola"
"785","the collection","la colección"
"786","the hill, slope","la colina"
"787","the police station","la comisaría"
"788","the comfort, convenience","la comodidad"
"789","the comparison","la comparación"
"790","the compassion","la compasión"
"791","the company","la compañía"
"792","the compensation","la compensación"
"793","the complexity","la complejidad"
"794","the complication","la complicación"
"795","the involvement, complicity","la complicidad"
"796","the computer","la computadora"
"797","the communication","la comunicación"
"798","the communion","la comunión"
"799","the awarding, concession","la concesión"
"800","the connection, relationship","la conexión"
"801","the confederation, alliance","la confederación"
"802","the configuration, shape","la configuración"
"803","the congregation","la congregación"
"804","the consequence","la consecuencia"
"805","the perseverance","la constancia"
"806","the construction","la construcción"
"807","the consultation, advice","la consulta"
"808","the continuation, follow-up","la continuación"
"809","the hiring, recruitment","la contratación"
"810","the convention, assembly","la convención"
"811","the convenience, usefulness","la conveniencia"
"812","the conviction","la convicción"
"813","the coexistence, living together","la convivencia"
"814","the call, summons","la convocatoria"
"815","the cooperation","la cooperación"
"816","the cooperative, co-op","la cooperativa"
"817","the cup, glass, top (tree)","la copa"
"818","the copy","la copia"
"819","the tie, sash","la corbata"
"820","the crown","la corona"
"821","the corporation","la corporación"
"822","the correction, amendment","la corrección"
"823","the current, flow","la corriente"
"824","the bark, crust, rind, peel","la corteza"
"825","the curtain, screen","la cortina"
"826","the coast","la costa"
"827","the creativity","la creatividad"
"828","the credibility","la credibilidad"
"829","the crisis","la crisi"
"830","the criticism, critique","la crítica"
"831","the account, chronicle","la crónica"
"832","the bill, account","la cuenta"
"833","the cave","la cueva"
"834","the culture","la cultura"
"835","the cradle, birth, lineage","la cuna"
"836","the quota, share, dues","la cuota"
"837","the curve","la curva"
"838","the camera, chamber","la cámara"
"839","the academic chair","la cátedra"
"840","the dance","la danza"
"841","the weakness","la debilidad"
"842","the decline, decay","la decadencia"
"843","the ten (of something)","la decena"
"844","the defense, plea","la defensa"
"845","the democracy","la democracia"
"846","the density, thickness","la densidad"
"847","the depression, slump","la depresión"
"848","the right, right hand","la derecha"
"849","the distrust","la desconfianza"
"850","the inequality, unevenness","la desigualdad"
"851","the destruction","la destrucción"
"852","the determination","la determinación"
"853","the devotion","la devoción"
"854","the difference","la diferencia"
"855","the spread, diffusion","la difusión"
"856","the dignity","la dignidad"
"857","the dynasty","la dinastía"
"858","the goddess","la diosa"
"859","the discipline, subject","la disciplina"
"860","the disc, disk, record","la disco"
"861","the apology, excuse","la disculpa"
"862","the discussion, argument","la discusión"
"863","the availability","la disponibilidad"
"864","the distance","la distancia"
"865","the distribution","la distribución"
"866","the fun, entertainment","la diversión"
"867","the currency, emblem","la divisa"
"868","the division","la división"
"869","the dozen","la docena"
"870","the dose","la dosi"
"871","the doubt","la duda"
"872","the landlady, owner (f)","la dueña"
"873","the hardness, toughness","la dureza"
"874","the equation","la ecuación"
"875","the age","la edad"
"876","the education","la educación"
"877","the efficiency, effectiveness","la eficacia"
"878","the efficiency","la eficiencia"
"879","the performance, execution","la ejecución"
"880","the production","la elaboración"
"881","the electricity","la electricidad"
"882","the elegance, style","la elegancia"
"883","the firm, company, venture","la empresa"
"884","the energy, power","la energía"
"885","the entity","la entidad"
"886","the entrance, admission ticket","la entrada"
"887","the scale, ladder, rank","la escala"
"888","the school","la escuela"
"889","the essence","la esencia"
"890","the sword","la espada"
"891","the back (body)","la espalda"
"892","the specialty, specialized field","la especialidad"
"893","the kind, sort, species","la especie"
"894","the wait","la espera"
"895","the hope","la esperanza"
"896","the thorn, spine","la espina"
"897","the foam, lather","la espuma"
"898","the station, season","la estación"
"899","the strategy","la estrategia"
"900","the aesthetics","la estética"
"901","the eternity","la eternidad"
"902","the evidence, certainty","la evidencia"
"903","the evolution, development","la evolución"
"904","the excellence","la excelencia"
"905","the requirement, demand","la exigencia"
"906","the existence, life","la existencia"
"907","the expansion, spreading","la expansión"
"908","the expectation, hope, prospect","la expectativa"
"909","the expedition","la expedición"
"910","the experience","la experiencia"
"911","the explosion","la explosión"
"912","the exploitation, cultivation","la explotación"
"913","the export, exportation","la exportación"
"914","the exhibition, display","la exposición"
"915","the expression","la expresión"
"916","the extension, area, expanse","la extensión"
"917","the manufacture, production","la fabricación"
"918","the (face) feature, faction","la facción"
"919","the façade, front of building","la fachada"
"920","the invoice, bill","la factura"
"921","the faculty, ability","la facultad"
"922","the skirt","la falda"
"923","the flaw, failure","la falla"
"924","the lack, shortage","la falta"
"925","the fantasy, fancy","la fantasía"
"926","the phase, stage","la fase"
"927","the fatigue","la fatiga"
"928","the faith","la fe"
"929","the happiness","la felicidad"
"930","the fair, festival","la feria"
"931","the fiction","la ficción"
"932","the index card, chip, token","la ficha"
"933","the faithfulness, accuracy","la fidelidad"
"934","the figure","la figura"
"935","the line, row, file","la fila"
"936","the al f.: finally, in the end","la final"
"937","the property, estate","la finca"
"938","the office of the public prosecutor","la fiscalía"
"939","the flower","la flor"
"940","the flora","la flora"
"941","the form, shape, way","la forma"
"942","the fortune, fate","la fortuna"
"943","the fraction","la fracción"
"944","the strip, stripe, fringe","la franja"
"945","the phrase","la frase"
"946","the border, frontier","la frontera"
"947","the fruit","la fruta"
"948","the fountain","la fuente"
"949","the foundation","la fundación"
"950","the fury, rage","la furia"
"951","the formula","la fórmula"
"952","the hen, coward","la gallina"
"953","the guarantee, warranty","la garantía"
"954","the claw, fang","la garra"
"955","the gasoline","la gasolina"
"956","the management, step, negotiation","la gestión"
"957","the tour","la gira"
"958","the rubber","la goma"
"959","the recording","la grabación"
"960","the greatness, size","la grandeza"
"961","the grease, fat","la grasa"
"962","the seriousness, gravity","la gravedad"
"963","the guerrilla","la guerrilla"
"964","the ability, skill, talent","la habilidad"
"965","the flour","la harina"
"966","the inheritance, legacy","la herencia"
"967","the wound","la herida"
"968","the row, line","la hilera"
"969","the hypothesis","la hipótesi"
"970","the history, story","la historia"
"971","the sheet, leaf","la hoja"
"972","the hour, time (specific)","la hora"
"973","the strike, protest","la huelga"
"974","the trace, track, footstep","la huella"
"975","the humidity","la humedad"
"976","the humility","la humildad"
"977","the identification","la identificación"
"978","the ideology","la ideología"
"979","the church","la iglesia"
"980","the ignorance","la ignorancia"
"981","the equality","la igualdad"
"982","the illumination, lighting","la iluminación"
"983","the illusion, hope, dream","la ilusión"
"984","the imagination, fantasy","la imaginación"
"985","the impotence","la impotencia"
"986","the opening, inauguration","la inauguración"
"987","the inability, incompetence","la incapacidad"
"988","the ocurrence, impact","la incidencia"
"989","the inclusion","la inclusión"
"990","the inclusion, incorporation","la incorporación"
"991","the independence","la independencia"
"992","the indifference","la indiferencia"
"993","the infancy, childhood","la infancia"
"994","the infection","la infección"
"995","the engineering","la ingeniería"
"996","the initiative","la iniciativa"
"997","the injustice","la injusticia"
"998","the restlessness, anxiety","la inquietud"
"999","the inscription, registration","la inscripción"
"1000","the insecurity","la inseguridad"
"1001","the insistence, persistence","la insistencia"
"1002","the installation, facilities","la instalación"
"1003","the intention","la intención"
"1004","the intensity, force","la intensidad"
"1005","the interaction","la interacción"
"1006","the interruption","la interrupción"
"1007","the introduction","la introducción"
"1008","the intuition","la intuición"
"1009","the invasion","la invasión"
"1010","the invention, contrivance","la invención"
"1011","the rage, wrath","la ira"
"1012","the irregularity","la irregularidad"
"1013","the (working) day, shift","la jornada"
"1014","the meeting, conference, seam","la junta"
"1015","the jurisdiction","la jurisdicción"
"1016","the justice, fairness","la justicia"
"1017","the labor, work, task","la labor"
"1018","the loyalty, faithfulness","la lealtad"
"1019","the lesson","la lección"
"1020","the language, tongue, strip (of land)","la lengua"
"1021","the injury, wound, harm","la lesión"
"1022","the letter, handwriting, lyrics","la letra"
"1023","the law, bill, rule","la ley"
"1024","the liberation","la liberación"
"1025","the freedom, liberty","la libertad"
"1026","the pound (money/weight)","la libra"
"1027","the bookstore","la librería"
"1028","the license, permission","la licencia"
"1029","the limitation","la limitación"
"1030","the list, roster, roll","la lista"
"1031","the literature","la literatura"
"1032","the flame, llama","la llama"
"1033","the plain, prairie, plainness","la llanura"
"1034","the arrival","la llegada"
"1035","the rain","la lluvia"
"1036","the fight, struggle, wrestle","la lucha"
"1037","the tear, teardrop","la lágrima"
"1038","the sheet (of metal)","la lámina"
"1039","the lamp","la lámpara"
"1040","the line, course","la línea"
"1041","the dawn, daybreak","la madrugada"
"1042","the skill, mastery","la maestría"
"1043","the magnitude, extent","la magnitud"
"1044","the suitcase, case","la maleta"
"1045","the mom","la mamá"
"1046","the way, manner","la manera"
"1047","the protest, manifestation","la manifestación"
"1048","the handling, manipulation","la manipulación"
"1049","the hand","la mano"
"1050","the blanket","la manta"
"1051","the apple, (city) block","la manzana"
"1052","the machinery","la maquinaria"
"1053","the wonder, marvel","la maravilla"
"1054","the march, progress","la marcha"
"1055","the mathematics","la matemática"
"1056","the matter, subject","la materia"
"1057","the majority","la mayoría"
"1058","the mechanics, mechanism","la mecánica"
"1059","the average","la media"
"1060","the midnight","la medianoche"
"1061","the measurement","la medición"
"1062","the cheek","la mejilla"
"1063","the melancholy, depression","la melancolía"
"1064","the mindset, mind","la mentalidad"
"1065","the lie","la mentira"
"1066","the goods, merchandise","la mercancía"
"1067","the table, board","la mesa"
"1068","the methodology, method","la metodología"
"1069","the mixture, blend","la mezcla"
"1070","the mine","la mina"
"1071","the (religious) Mass","la misa"
"1072","the compassion, mercy","la misericordia"
"1073","the half, middle","la mitad"
"1074","the modification, alteration","la modificación"
"1075","the bother, nuisance, trouble","la molestia"
"1076","the molecule","la molécula"
"1077","the monarchy,","la monarquía"
"1078","the coins, currency","la moneda"
"1079","the nun","la monja"
"1080","the mountain","la montaña"
"1081","the fly (insect)","la mosca"
"1082","the motivation","la motivación"
"1083","the motorcycle","la moto"
"1084","the mobilization","la movilización"
"1085","the face, grimace","la mueca"
"1086","the death","la muerte"
"1087","the woman, wife","la mujer"
"1088","the fine, penalty, citation","la multa"
"1089","the city wall","la muralla"
"1090","the doll, wrist","la muñeca"
"1091","the mask","la máscara"
"1092","the music","la música"
"1093","the nationality","la nacionalidad"
"1094","the nation","la nación"
"1095","the nose","la nariz"
"1096","the narration, account","la narración"
"1097","the necessity, need","la necesidad"
"1098","the negative, denial","la negativa"
"1099","the fog","la niebla"
"1100","the childhood, infancy","la niñez"
"1101","the nobility, uprightness","la nobleza"
"1102","the nostalgia, homesickness","la nostalgia"
"1103","the latest news, newness","la novedad"
"1104","the novel","la novela"
"1105","the work, book, deed","la obra"
"1106","the mania, obsession","la obsesión"
"1107","the occupation, use","la ocupación"
"1108","the offensive, attack","la ofensiva"
"1109","the wave, billow","la ola"
"1110","the pot, kettle","la olla"
"1111","the prayer","la oración"
"1112","the sequence (m), religious (f)","la orden"
"1113","the organization","la organización"
"1114","the orientation, direction","la orientación"
"1115","the darkness","la oscuridad"
"1116","the sheep, ewe","la oveja"
"1117","the word","la palabra"
"1118","the palm tree, palm","la palma"
"1119","the palm tree","la palmera"
"1120","the screen, monitor","la pantalla"
"1121","the part, portion","la parte"
"1122","the game, match, departure","la partida"
"1123","the particle","la partícula"
"1124","the pasta, dough","la pasta"
"1125","the leg, paw","la pata"
"1126","the guideline, rule, standard","la pauta"
"1127","the ball","la pelota"
"1128","the boarding house","la pensión"
"1129","the semidarkness, twilight","la penumbra"
"1130","the peninsula","la península"
"1131","the perception","la percepción"
"1132","the pearl","la perla"
"1133","the pursuit, persecution","la persecución"
"1134","the personality, celebrity","la personalidad"
"1135","the membership, property","la pertenencia"
"1136","the fishing","la pesca"
"1137","the request, petition","la petición"
"1138","the stone, rock","la piedra"
"1139","the skin, hide, fur","la piel"
"1140","the piece, part","la pieza"
"1141","the pyramid","la pirámide"
"1142","the swimming pool","la piscina"
"1143","the gun, pistol","la pistola"
"1144","the plaque, plate, badge","la placa"
"1145","the (electric) iron, plate, sheet","la plancha"
"1146","the planning, design","la planificación"
"1147","the plant, floor","la planta"
"1148","the template, stencil","la plantilla"
"1149","the square, marketplace","la plaza"
"1150","the fullness, abundance","la plenitud"
"1151","the pen, feather","la pluma"
"1152","the poetry, poem","la poesía"
"1153","the police, police force, police officer","la policía"
"1154","the polemics, argument","la polémica"
"1155","the popularity","la popularidad"
"1156","the cover, title page","la portada"
"1157","the position","la posición"
"1158","the posture, position, attitude","la postura"
"1159","the caution, forethought","la precaución"
"1160","the precipitation, rainfall","la precipitación"
"1161","the piece of clothing","la prenda"
"1162","the press","la prensa"
"1163","the worry, concern","la preocupación"
"1164","the presence, appearance","la presencia"
"1165","the presentation, introduction","la presentación"
"1166","the presidency","la presidencia"
"1167","the pressure","la presión"
"1168","the forecast, precaution","la previsión"
"1169","the female cousin, down payment","la prima"
"1170","the priority","la prioridad"
"1171","the hurry","la prisa"
"1172","the production","la producción"
"1173","the productivity","la productividad"
"1174","the profession, occupation","la profesión"
"1175","the prohibition","la prohibición"
"1176","the promise","la promesa"
"1177","the promotion","la promoción"
"1178","the prose","la prosa"
"1179","the protein","la proteína"
"1180","the province, region","la provincia"
"1181","the proximity","la proximidad"
"1182","the proof, trial, test","la prueba"
"1183","the practice, skill","la práctica"
"1184","the psychology","la psicología"
"1185","the publication","la publicación"
"1186","the tip, point","la punta"
"1187","the whore, prostitute","la puta"
"1188","the loss","la pérdida"
"1189","the complaint","la queja"
"1190","the rage","la rabia"
"1191","the radiation","la radiación"
"1192","the set (m), communication (f)","la radio"
"1193","the branch, bough, limb","la rama"
"1194","the speed, velocity","la rapidez"
"1195","the rat","la rata"
"1196","the line, ray, stripe","la raya"
"1197","the root","la raíz"
"1198","the reaction","la reacción"
"1199","the reality, actuality","la realidad"
"1200","the rebellion","la rebelión"
"1201","the recommendation","la recomendación"
"1202","the reconstruction","la reconstrucción"
"1203","the editing, wording, essay","la redacción"
"1204","the reform, improvement","la reforma"
"1205","the region","la región"
"1206","the adjustment, regulation","la regulación"
"1207","the grill, railing","la reja"
"1208","the renewal, renovation","la renovación"
"1209","the income","la renta"
"1210","the resignation, renunciation","la renuncia"
"1211","the repetition","la repetición"
"1212","the repression","la represión"
"1213","the reproduction","la reproducción"
"1214","the republic","la república"
"1215","the reservation, reserve","la reserva"
"1216","the review, outline","la reseña"
"1217","the resolution","la resolución"
"1218","the respiration, breath","la respiración"
"1219","the responsibility","la responsabilidad"
"1220","the answer, reply","la respuesta"
"1221","the resurrection","la resurrección"
"1222","the revelation","la revelación"
"1223","the magazine, journal","la revista"
"1224","the revolution","la revolución"
"1225","the rein, restraint","la rienda"
"1226","the rock","la roca"
"1227","the clothes, clothing","la ropa"
"1228","the rose","la rosa"
"1229","the ruin, collapse","la ruina"
"1230","the breakup, rupture","la ruptura"
"1231","the routine","la rutina"
"1232","the burst, gust","la ráfaga"
"1233","the room, hall","la sala"
"1234","the saliva, spit","la saliva"
"1235","the sauce, salsa","la salsa"
"1236","the satisfaction","la satisfacción"
"1237","the sequence","la secuencia"
"1238","the headquarters, seat","la sede"
"1239","the selection, choice","la selección"
"1240","the forest, jungle","la selva"
"1241","the seed","la semilla"
"1242","the sensitivity","la sensibilidad"
"1243","the (legal) sentence, judgment","la sentencia"
"1244","the series","la serie"
"1245","the seriousness","la seriedad"
"1246","the snake","la serpiente"
"1247","the sign, mark, token","la señal"
"1248","the mountain range, saw","la sierra"
"1249","the siesta, afternoon nap","la siesta"
"1250","the chair, seat","la silla"
"1251","the silhouette, outline","la silueta"
"1252","the symphony","la sinfonía"
"1253","the siren, mermaid","la sirena"
"1254","the situation","la situación"
"1255","the solution, answer","la solución"
"1256","the shade, shadow","la sombra"
"1257","the suspicion","la sospecha"
"1258","the succession, series","la sucesión"
"1259","the luck, fortune","la suerte"
"1260","the suggestion","la sugerencia"
"1261","the sum, amount, summary","la suma"
"1262","the (bed) sheet","la sábana"
"1263","the chart, board, table, plank","la tabla"
"1264","the cover, lid","la tapa"
"1265","the task, job","la tarea"
"1266","the cup, bowl","la taza"
"1267","the TV, television","la tele"
"1268","the season, period, time","la temporada"
"1269","the theme","la temática"
"1270","the temptation","la tentación"
"1271","the theology","la teología"
"1272","the theory","la teoría"
"1273","the therapy","la terapia"
"1274","the terminal, final","la terminal"
"1275","the tenderness","la ternura"
"1276","the terrace, balcony","la terraza"
"1277","the thesis, exposition","la tesi"
"1278","the texture","la textura"
"1279","the earth, land, ground","la tierra"
"1280","the ink","la tinta"
"1281","the towel","la toalla"
"1282","the tolerance","la tolerancia"
"1283","the outlet, dose, making","la toma"
"1284","the stupidity, stupid thing","la tontería"
"1285","the tradition","la tradición"
"1286","the translation","la traducción"
"1287","the tragedy","la tragedia"
"1288","the treason, betrayal","la traición"
"1289","the tranquility, peace","la tranquilidad"
"1290","the transfer, transference","la transferencia"
"1291","the transition","la transición"
"1292","the trajectory, path","la trayectoria"
"1293","the sadness","la tristeza"
"1294","the troops, forces","la tropa"
"1295","the tomb, grave","la tumba"
"1296","the technique, skill","la técnica"
"1297","the aunt","la tía"
"1298","the university, college","la universidad"
"1299","the union","la unión"
"1300","the nail, fingernail, toenail","la uña"
"1301","the cow","la vaca"
"1302","the vacation","la vacacion"
"1303","the vaccine, vaccination","la vacuna"
"1304","the vanguard, forefront","la vanguardia"
"1305","the variation","la variación"
"1306","the variety","la variedad"
"1307","the old age","la vejez"
"1308","the candle, sail, vigil","la vela"
"1309","the window","la ventana"
"1310","the truth","la verdad"
"1311","the path, sidewalk","la vereda"
"1312","the victory, triumph","la victoria"
"1313","the validity","la vigencia"
"1314","the link, connection","la vinculación"
"1315","the virtue, quality","la virtud"
"1316","the visit, visitor, guest","la visita"
"1317","the will, willpower, intention","la voluntad"
"1318","the vote, voting","la votación"
"1319","the return, turn","la vuelta"
"1320","the road, way","la vía"
"1321","the victim, casualty","la víctima"
"1322","the slipper, shoe","la zapatilla"
"1323","the area, zone","la zona"
"1324","the time, age, period","la época"
"1325","the ethics","la ética"
"1326","the nature, temperament","la índole"
"1327","the orbit, socket, field","la órbita"
"1328","member, militant","militante"
"1329","monarch","monarca"
"1330","baby, small child","nene"
"1331","novelist","novelista"
"1332","listener, hearer","oyente"
"1333","patient","paciente"
"1334","relative","pariente"
"1335","participant","participante"
"1336","journalist","periodista"
"1337","pilot, driver","piloto"
"1338","poet","poeta"
"1339","president","presidente"
"1340","protagonist, main character","protagonista"
"1341","rebel, insurgent","rebelde"
"1342","representative","representante"
"1343","rival","rival"
"1344","terrorist","terrorista"
"1345","tourist","turista"
"1346","an abandonment, desertion","un abandono"
"1347","an abyss, large gap","un abismo"
"1348","an abortion","un aborto"
"1349","an overcoat, shelter","un abrigo"
"1350","an April","un abril"
"1351","an access, entry","un acceso"
"1352","an accident, irregularity","un accidente"
"1353","an oil","un aceite"
"1354","an event, happening","un acontecimiento"
"1355","an agreement, accord","un acorde"
"1356","an actor","un actor"
"1357","an administrator, manager","un administrador"
"1358","an adversary","un adversario"
"1359","an airport","un aeropuerto"
"1360","an agent","un agente"
"1361","an August","un agosto"
"1362","a hole, opening","un agujero"
"1363","a saving, thrift","un ahorro"
"1364","a chess","un ajedrez"
"1365","an adjustment, settlement","un ajuste"
"1366","a wire","un alambre"
"1367","a mayor","un alcalde"
"1368","an ally","un aliado"
"1369","a breath, courage, spirit","un aliento"
"1370","a warehouse, store","un almacén"
"1371","a rent, rental","un alquiler"
"1372","an altar","un altar"
"1373","a daybreak, dawn","un amanecer"
"1374","a master, boss (m)","un amo"
"1375","a love","un amor"
"1376","an old person","un anciano"
"1377","a longing, yearning","un anhelo"
"1378","an anniversary","un aniversario"
"1379","a telescope, eyeglasses","un anteojo"
"1380","an advertisement, announcement","un anuncio"
"1381","an apparatus, device","un aparato"
"1382","a last name","un apellido"
"1383","an appetite","un apetito"
"1384","a support, backing","un apoyo"
"1385","a learning, training, instruction, experience","un aprendizaje"
"1386","a note, annotation","un apunte"
"1387","a trouble, predicament","un apuro"
"1388","an aroma","un aroma"
"1389","an architect","un arquitecto"
"1390","a brook, stream, gutter","un arroyo"
"1391","a rice","un arroz"
"1392","an art, skill","un arte"
"1393","an artisan, craftsman","un artesano"
"1394","an assault, robbery","un asalto"
"1395","a promotion, climb","un ascenso"
"1396","a disgust","un asco"
"1397","an assistant","un asistente"
"1398","an amazement, astonishment","un asombro"
"1399","a matter, issue, affair","un asunto"
"1400","an evening, dusk","un atardecer"
"1401","a (terrorist) attack, offence","un atentado"
"1402","a hearing, auditorium","un auditorio"
"1403","a writer, author","un autor"
"1404","a help, aid, assistance","un auxilio"
"1405","a warning","un aviso"
"1406","a city council, town hall","un ayuntamiento"
"1407","a random, chance, hazard","un azar"
"1408","an academic degree","un bachillerato"
"1409","an outcome, balance","un balance"
"1410","a balcony","un balcón"
"1411","a ball","un balón"
"1412","a (financial) bank, bench","un banco"
"1413","a boat, ship","un barco"
"1414","a neighborhood, district","un barrio"
"1415","a bug, creature","un bicho"
"1416","a goods, property, benefit","un bien"
"1417","a mustache","un bigote"
"1418","a blog","un blog"
"1419","a block","un bloque"
"1420","a blockade, block","un bloqueo"
"1421","a pocket","un bolsillo"
"1422","a firefighter","un bombero"
"1423","a bond, certificate, voucher","un bono"
"1424","an edge","un borde"
"1425","an arm","un brazo"
"1426","a shine, twinkling, sparkle","un brillo"
"1427","a bronze","un bronce"
"1428","a bulk, shape","un bulto"
"1429","a ship, vessel, hull","un buque"
"1430","a hair","un cabello"
"1431","a cable, wiring","un cable"
"1432","an end, bit","un cabo"
"1433","a coffee, cafe","un café"
"1434","a drawer","un cajón"
"1435","a calendar","un calendario"
"1436","a road, route, path","un camino"
"1437","a truck, van, tanker","un camión"
"1438","a camp, camping","un campamento"
"1439","a championship","un campeonato"
"1440","a peasant, farmer","un campesino"
"1441","a champion","un campeón"
"1442","a channel, canal","un canal"
"1443","a tiredness, weariness","un cansancio"
"1444","a singing, chant","un canto"
"1445","a capital","un capital"
"1446","a city (f), money (m)","un capital"
"1447","a caprice, whim","un capricho"
"1448","a chapter","un capítulo"
"1449","a coal, charcoal","un carbón"
"1450","a position, charge, fee","un cargo"
"1451","a love, affection","un cariño"
"1452","a carnival","un carnaval"
"1453","a car, cart","un carro"
"1454","a poster","un cartel"
"1455","a cardboard, carton, sketch","un cartón"
"1456","a helmet","un casco"
"1457","a catalog","un catálogo"
"1458","a (river) bed, ditch","un cauce"
"1459","a hunter","un cazador"
"1460","a canyon, cannon","un cañón"
"1461","a jealousy, zeal","un celo"
"1462","a cement, concrete","un cemento"
"1463","a hundred","un centenar"
"1464","a centimeter","un centímetro"
"1465","a pig, sow, slob","un cerdo"
"1466","a brain","un cerebro"
"1467","a hill","un cerro"
"1468","a pool, puddle","un charco"
"1469","a kid, youngster","un chiquillo"
"1470","a chocolate","un chocolate"
"1471","a crash, collision","un choque"
"1472","a zipper, closing","un cierre"
"1473","a circus","un circo"
"1474","a click","un clic"
"1475","a client, customer","un cliente"
"1476","a climate","un clima"
"1477","a club, society","un club"
"1478","a mattress","un colchón"
"1479","a climax","un colmo"
"1480","a color","un color"
"1481","a command, order","un comando"
"1482","a combat, battle, fight","un combate"
"1483","a start, beginning","un comienzo"
"1484","a commissioner, delegate","un comisario"
"1485","a committee, commission","un comité"
"1486","a companion, classmate","un compañero"
"1487","a complement, supplement","un complemento"
"1488","a compromise, engagement","un compromiso"
"1489","a rhythm, time, compass","un compá"
"1490","a statement, announcement","un comunicado"
"1491","a concert, concerto","un concierto"
"1492","a count","un conde"
"1493","a driver, conductor","un conductor"
"1494","a rabbit","un conejo"
"1495","a conflict","un conflicto"
"1496","a group, set","un conjunto"
"1497","a knowledge","un conocimiento"
"1498","an advisor, counselor","un consejero"
"1499","an advice, council, counsel","un consejo"
"1500","a builder, construction","un constructor"
"1501","a comfort, consolation","un consuelo"
"1502","a contact","un contacto"
"1503","a continent","un continente"
"1504","an outline, perimeter, edge","un contorno"
"1505","a contrast","un contraste"
"1506","a contract, agreement","un contrato"
"1507","an agreement","un convenio"
"1508","a convent, monastery","un convento"
"1509","a courage, toughness","un coraje"
"1510","a cord, yarn, braid","un cordón"
"1511","a choir, chorus","un coro"
"1512","a corral, yard","un corral"
"1513","a broker, corridor, runner","un corredor"
"1514","a mail, post (office)","un correo"
"1515","a side, flank","un costado"
"1516","a cost, price","un coste"
"1517","a creator","un creador"
"1518","a glass, crystal, window","un cristal"
"1519","a criterion","un criterio"
"1520","a crossing, intersection","un cruce"
"1521","a skull, cranium","un cráneo"
"1522","a credit, reputation","un crédito"
"1523","a critic","un crítico"
"1524","a painting, picture","un cuadro"
"1525","a story, tale","un cuento"
"1526","a horn, antler","un cuerno"
"1527","a leather, skin","un cuero"
"1528","a bottom, butt","un culo"
"1529","a cultivation, crop","un cultivo"
"1530","a worship, cult","un culto"
"1531","a birthday","un cumpleaño"
"1532","a brother-in-law","un cuñado"
"1533","a data, fact","un dato"
"1534","a harm, injury, damage","un daño"
"1535","a debate","un debate"
"1536","a decree, order","un decreto"
"1537","a defender","un defensor"
"1538","a delirium, nonsense","un delirio"
"1539","a crime, offense","un delito"
"1540","a deposit, sediment","un depósito"
"1541","a breakfast","un desayuno"
"1542","a neglect, oversight","un descuido"
"1543","an unemployment","un desempleo"
"1544","a desire, wish","un deseo"
"1545","a parade, line, formation","un desfile"
"1546","a desert","un desierto"
"1547","a movement, removal","un desplazamiento"
"1548","a detail","un detalle"
"1549","a deterioration, damage","un deterioro"
"1550","a devil","un diablo"
"1551","a diagnosis","un diagnóstico"
"1552","a December","un diciembre"
"1553","a dictator","un dictador"
"1554","a tooth, cog","un diente"
"1555","a god, divinity","un dios"
"1556","an executive, manager","un directivo"
"1557","a leader, director, manager","un dirigente"
"1558","a lecture, discourse, talk","un discurso"
"1559","a device, mechanism","un dispositivo"
"1560","a dialogue, conversation","un diálogo"
"1561","a diameter","un diámetro"
"1562","a residence, address","un domicilio"
"1563","a Sunday","un domingo"
"1564","a power, control","un dominio"
"1565","a courtesy title (m), Mr., gift","un don"
"1566","a bedroom, dormitory","un dormitorio"
"1567","a grief, affliction","un duelo"
"1568","a candy, sweets","un dulce"
"1569","a deficit, shortage","un déficit"
"1570","a day","un día"
"1571","an echo, response","un eco"
"1572","an ecosystem","un ecosistema"
"1573","a publisher (f), editorial article (m)","un editorial"
"1574","an axis, shaft, crux","un eje"
"1575","a copy, issue","un ejemplar"
"1576","an example","un ejemplo"
"1577","an exercise, practice","un ejercicio"
"1578","an army","un ejército"
"1579","an element","un elemento"
"1580","an ambassador","un embajador"
"1581","a pregnancy, difficulty, obstacle, hindrance","un embarazo"
"1582","a transmitter, emitter","un emisor"
"1583","a manager, entrepreneur","un empresario"
"1584","a lace","un encaje"
"1585","a charm, spell","un encanto"
"1586","a manager, person in charge","un encargado"
"1587","a meeting, game, skirmish","un encuentro"
"1588","a nurse","un enfermero"
"1589","a focus, approach","un enfoque"
"1590","a deceit, falsehood, hoax","un engaño"
"1591","an understanding","un entendimiento"
"1592","an environment, surroundings","un entorno"
"1593","a coach, trainer, manager","un entrenador"
"1594","an entertainment","un entretenimiento"
"1595","an enthusiasm","un entusiasmo"
"1596","a shipment, delivery","un envío"
"1597","an error, mistake","un error"
"1598","a stair, rung,","un escalón"
"1599","a slave","un esclavo"
"1600","a writer","un escritor"
"1601","a spectator, onlooker","un espectador"
"1602","a ghost, specter","un espectro"
"1603","a mirror, reflection","un espejo"
"1604","a splendor","un esplendor"
"1605","an outline, diagram, plan","un esquema"
"1606","a state, condition, status","un estado"
"1607","a style","un estilo"
"1608","a premiere, debut","un estreno"
"1609","a stress","un estré"
"1610","an etcetera","un etcétera"
"1611","a euro","un euro"
"1612","an examination, exam","un examen"
"1613","an exile","un exilio"
"1614","a dossier, proceedings","un expediente"
"1615","an experiment","un experimento"
"1616","an expert","un experto"
"1617","a foreigner","un extranjero"
"1618","an edge, border, end","un extremo"
"1619","a factor, cause, influence","un factor"
"1620","a relative","un familiar"
"1621","a ghost, phantom","un fantasma"
"1622","a February","un febrero"
"1623","a phenomenon","un fenómeno"
"1624","a railway","un ferrocarril"
"1625","a festival","un festival"
"1626","a film, movie","un film"
"1627","a flow, tide, discharge","un flujo"
"1628","a bottom, end","un fondo"
"1629","a funds","un fondo"
"1630","a format, form","un formato"
"1631","a forum","un foro"
"1632","a photographer","un fotógrafo"
"1633","a fragment, passage","un fragmento"
"1634","a bottle, jar, flask","un frasco"
"1635","a fire, gunfire","un fuego"
"1636","a founder","un fundador"
"1637","a foundation, ground","un fundamento"
"1638","a gun, rifle","un fusil"
"1639","a drug, medicine","un fármaco"
"1640","a physicist","un físico"
"1641","a rooster","un gallo"
"1642","a winner","un ganador"
"1643","a gas","un gas"
"1644","an expense, expenditure","un gasto"
"1645","a general","un general"
"1646","a gesture","un gesto"
"1647","a giant","un gigante"
"1648","a turn, draft, expression","un giro"
"1649","a cry, shout, scream","un grito"
"1650","a glove","un guante"
"1651","a script, hyphen","un guión"
"1652","a worm, caterpillar","un gusano"
"1653","a pleasure, taste, preference","un gusto"
"1654","a sort, gender, genre","un género"
"1655","a fact, happening","un hecho"
"1656","a helicopter","un helicóptero"
"1657","an heir, heiress","un heredero"
"1658","an iron","un hierro"
"1659","a hymn, anthem","un himno"
"1660","a home, hearth","un hogar"
"1661","a shoulder","un hombro"
"1662","a mushroom, fungus","un hongo"
"1663","a schedule, timetable","un horario"
"1664","a horror, atrocity","un horror"
"1665","a hospital","un hospital"
"1666","a hole, cavity","un hueco"
"1667","a bone","un hueso"
"1668","a mood, humor","un humor"
"1669","a guest, lodger","un huésped"
"1670","a hero","un héroe"
"1671","a (specific) language","un idioma"
"1672","a taxes","un impuesto"
"1673","an impulse, momentum","un impulso"
"1674","a fire, conflagration","un incendio"
"1675","an increase, raise","un incremento"
"1676","an indicator, gauge","un indicador"
"1677","an indication, sign","un indicio"
"1678","an Indian","un indio"
"1679","a hell, inferno","un infierno"
"1680","a report","un informe"
"1681","an ingenuity, talent, wit","un ingenio"
"1682","an ingredient","un ingrediente"
"1683","an income, revenue","un ingreso"
"1684","an insect","un insecto"
"1685","an instant, moment","un instante"
"1686","an instinct","un instinto"
"1687","an Internet","un internet"
"1688","an interval, gap","un intervalo"
"1689","an interest","un interé"
"1690","an invention","un invento"
"1691","a guest","un invitado"
"1692","a game, play, sport","un juego"
"1693","a court, tribunal, judge","un juzgado"
"1694","a kilogram","un kilo"
"1695","a maze, labyrinth","un laberinto"
"1696","a lip","un labio"
"1697","a side","un lado"
"1698","a thief","un ladrón"
"1699","a launch, release","un lanzamiento"
"1700","an a lo l.: throughout","un largo"
"1701","a Latin","un latín"
"1702","a bow, knot, tie, lasso","un lazo"
"1703","a (river) bed, couch","un lecho"
"1704","a high school","un liceo"
"1705","a leadership","un liderazgo"
"1706","a canvas, painting","un lienzo"
"1707","a liter","un litro"
"1708","a call, calling","un llamado"
"1709","a success, achievement","un logro"
"1710","a place, position","un lugar"
"1711","a Monday","un lunes"
"1712","a liquid","un líquido"
"1713","a judge, magistrate","un magistrado"
"1714","an evil","un mal"
"1715","a discomfort, unease, unrest","un malestar"
"1716","a handling, management","un manejo"
"1717","a maintenance, sustenance","un mantenimiento"
"1718","a manual, handbook","un manual"
"1719","a manuscript","un manuscrito"
"1720","a map","un mapa"
"1721","a makeup","un maquillaje"
"1722","a frame, mark, setting","un marco"
"1723","an edge, margin, border, brink","un margen"
"1724","a husband","un marido"
"1725","a Tuesday","un mart"
"1726","a material, element","un material"
"1727","a shade, tint, nuance","un matiz"
"1728","a May","un mayo"
"1729","a corn, maize","un maíz"
"1730","a mechanism","un mecanismo"
"1731","a medicine, drug","un medicamento"
"1732","a menu","un menú"
"1733","a market","un mercado"
"1734","a month","un mes"
"1735","a meter, subway","un metro"
"1736","a member, limb","un miembro"
"1737","a mineral, ore","un mineral"
"1738","a minute","un minuto"
"1739","a myth","un mito"
"1740","a way, manner","un modo"
"1741","a mold, cast, pattern","un molde"
"1742","a moment, time","un momento"
"1743","a monster, monstrosity","un monstruo"
"1744","an assembly, staging","un montaje"
"1745","a monument","un monumento"
"1746","a boy","un muchacho"
"1747","a world","un mundo"
"1748","a municipality, town","un municipio"
"1749","a museum","un museo"
"1750","a marble","un mármol"
"1751","a muscle","un músculo"
"1752","a musician","un músico"
"1753","a birth, origin","un nacimiento"
"1754","a drug trafficking","un narcotráfico"
"1755","a narrator","un narrador"
"1756","a browser, navigator","un navegador"
"1757","a nest","un nido"
"1758","a level","un nivel"
"1759","a name, noun","un nombre"
"1760","a northwest","un noroeste"
"1761","a November","un noviembre"
"1762","a boyfriend, groom","un novio"
"1763","an object, thing","un objeto"
"1764","an obstacle","un obstáculo"
"1765","an October","un octubre"
"1766","a west","un oeste"
"1767","an eye","un ojo"
"1768","an operator","un operador"
"1769","an opponent","un opositor"
"1770","an optimism","un optimismo"
"1771","an organism, (human) body","un organismo"
"1772","a pride","un orgullo"
"1773","an East","un oriente"
"1774","a gold","un oro"
"1775","a bear","un oso"
"1776","an oxygen","un oxígeno"
"1777","a hearing, ear","un oído"
"1778","a pact, agreement","un pacto"
"1779","a payment","un pago"
"1780","a landscape","un paisaje"
"1781","a stick, pole","un palo"
"1782","a bread","un pan"
"1783","a panel, screen","un panel"
"1784","a pants, trousers","un pantalón"
"1785","a package, packet","un paquete"
"1786","a pair, couple (m)","un par"
"1787","a paradise","un paraíso"
"1788","an opinion, looks","un parecer"
"1789","a labor strike, attack","un paro"
"1790","a park","un parque"
"1791","a party, group, (sports) match","un partido"
"1792","a birth","un parto"
"1793","a fare, passage, lane","un pasaje"
"1794","a passenger","un pasajero"
"1795","a walk, ride","un paseo"
"1796","a hall, corridor","un pasillo"
"1797","a shepherd, pastor","un pastor"
"1798","an employer, landlord, patron saint","un patrón"
"1799","a sin","un pecado"
"1800","a piece, bit","un pedazo"
"1801","a hair","un pelo"
"1802","a slope, descent, earring","un pendiente"
"1803","a thought, thinking","un pensamiento"
"1804","a newspaper, periodical","un periódico"
"1805","a permission, permit","un permiso"
"1806","a fish","un pescado"
"1807","a fisherman","un pescador"
"1808","a piano","un piano"
"1809","a beak, peak","un pico"
"1810","a y p.: and a bit","un pico"
"1811","a pillar, column","un pilar"
"1812","a deadline, installment","un plazo"
"1813","a lead (metal), bullet","un plomo"
"1814","a plastic","un plástico"
"1815","a settler, resident","un poblador"
"1816","a poem","un poema"
"1817","a dust, powder","un polvo"
"1818","a politician","un político"
"1819","a bearer, carrier","un portador"
"1820","a spokesperson, mouthpiece","un portavoz"
"1821","a dessert","un postre"
"1822","a well, shaft","un pozo"
"1823","a price, cost, value","un precio"
"1824","a prejudice","un prejuicio"
"1825","a prize, reward","un premio"
"1826","a present","un presente"
"1827","a prisoner","un preso"
"1828","a pretext, excuse","un pretexto"
"1829","a cousin","un primo"
"1830","a prisoner","un prisionero"
"1831","a procedure, proceedings","un procedimiento"
"1832","a process, procedure","un proceso"
"1833","a producer","un productor"
"1834","a program, plan","un programa"
"1835","an owner","un propietario"
"1836","an intention, purpose","un propósito"
"1837","a supplier, dealer","un proveedor"
"1838","a loan, borrowing","un préstamo"
"1839","a pulse, pulsation","un pulso"
"1840","a fist, handle, cuff","un puño"
"1841","a panic","un pánico"
"1842","a feature, trait","un rasgo"
"1843","a mouse, rat","un ratón"
"1844","a ray, beam, lightning","un rayo"
"1845","a realism","un realismo"
"1846","a receiver, recipient","un receptor"
"1847","a rejection, refusal","un rechazo"
"1848","a grounds, precincts","un recinto"
"1849","a recognition, acknowledgment","un reconocimiento"
"1850","a clipping, cutting, trimming","un recorte"
"1851","a reflection","un reflejo"
"1852","a register, record","un registro"
"1853","a regulations, rules","un reglamento"
"1854","a reign, rule","un reinado"
"1855","a rebirth, Renaissance","un renacimiento"
"1856","a grudge, spite","un rencor"
"1857","a yield, output, efficiency","un rendimiento"
"1858","a distribution, delivery","un reparto"
"1859","a requirement, request, summons","un requerimiento"
"1860","a rescue, ransom","un rescate"
"1861","a residue, waste","un residuo"
"1862","a support, backing, back","un respaldo"
"1863","a brightness, radiance","un resplandor"
"1864","a rest, remainder, leftover","un resto"
"1865","a summary","un resumen"
"1866","a withdrawal, retreat","un retiro"
"1867","a challenge, defiance","un reto"
"1868","a revolver, E3085gun","un revólver"
"1869","a king","un rey"
"1870","a risk","un riesgo"
"1871","a corner, nook","un rincón"
"1872","a rhythm","un ritmo"
"1873","a rite, ritual","un rito"
"1874","a ritual, rite","un ritual"
"1875","a dew","un rocío"
"1876","a roll, coil","un rollo"
"1877","a romance","un romance"
"1878","a noise","un ruido"
"1879","a direction, course, bearing","un rumbo"
"1880","a rumor, murmur","un rumor"
"1881","a river","un río"
"1882","a taste, flavor, sensation","un sabor"
"1883","a sack, bag, plunder","un saco"
"1884","a sacrifice","un sacrificio"
"1885","a salary, wages","un salario"
"1886","a hall, room","un salón"
"1887","a sergeant","un sargento"
"1888","a satellite","un satélite"
"1889","a secretary","un secretario"
"1890","a follow-up","un seguimiento"
"1891","a stamp, seal","un sello"
"1892","a semester","un semestre"
"1893","a (foot) path","un sendero"
"1894","a sense, feeling","un sentido"
"1895","a September","un septiembre"
"1896","a being","un ser"
"1897","a service, helpfulness","un servicio"
"1898","a servant","un servidor"
"1899","a sex","un sexo"
"1900","a century, age","un siglo"
"1901","a meaning","un significado"
"1902","a silence","un silencio"
"1903","an armchair, seat","un sillón"
"1904","a place, space","un sitio"
"1905","a member, partner","un socio"
"1906","a software","un software"
"1907","an event, incident","un suceso"
"1908","a successor","un sucesor"
"1909","a salary, pay","un sueldo"
"1910","a ground, floor","un suelo"
"1911","a suffering","un sufrimiento"
"1912","a symbol","un símbolo"
"1913","a syndrome","un síndrome"
"1914","a symptom","un síntoma"
"1915","a taxi, cab","un taxi"
"1916","a roof","un techo"
"1917","a keyboard","un teclado"
"1918","a television set","un televisor"
"1919","a phone, telephone","un teléfono"
"1920","a theme, subject, topic","un tema"
"1921","a tremor, shudder, shiver","un temblor"
"1922","a tennis","un teni"
"1923","a lieutenant, deputy mayor","un teniente"
"1924","a third","un tercio"
"1925","a ground, earth, terrain","un terreno"
"1926","a territory","un territorio"
"1927","a treasure, thesaurus","un tesoro"
"1928","a will, testament","un testamento"
"1929","a testimony, evidence","un testimonio"
"1930","a doorbell, bell, seal, stamp","un timbre"
"1931","a tone","un tono"
"1932","a touch, ringing, warning","un toque"
"1933","a tournament","un torneo"
"1934","a bull","un toro"
"1935","a work, job, effort","un trabajo"
"1936","a rag, cloth","un trapo"
"1937","a treatment, processing","un tratamiento"
"1938","a train, convoy","un tren"
"1939","a triumph, victory","un triunfo"
"1940","a triangle","un triángulo"
"1941","a traffic, trade","un tráfico"
"1942","a procedure, step, requirement","un trámite"
"1943","a traffic, transit","un tránsito"
"1944","a title, heading","un título"
"1945","a tunnel","un túnel"
"1946","a threshold, outset","un umbral"
"1947","a universe","un universo"
"1948","a value, worth","un valor"
"1949","a male, man","un varón"
"1950","a (drinking) glass, vase","un vaso"
"1951","a neighbor","un vecino"
"1952","a salesperson","un vendedor"
"1953","a poison, venom","un veneno"
"1954","a summer","un verano"
"1955","a verb","un verbo"
"1956","a verse, poem","un verso"
"1957","a vice president","un vicepresidente"
"1958","a vice, bad habit, defect","un vicio"
"1959","a glass, pane","un vidrio"
"1960","a womb, belly","un vientre"
"1961","a violin","un violín"
"1962","a steering wheel","un volante"
"1963","a volcano","un volcán"
"1964","a volume","un volumen"
"1965","a whisky","un whisky"
"1966","a shoe","un zapato"
"1967","a zest, spirit, heart","un ánimo"
"1968","a tree","un árbol"
"1969","an emphasis","un énfasi"
"1970","a success","un éxito"
"1971","an idol","un ídolo"
"1972","a grandmother","una abuela"
"1973","an academy","una academia"
"1974","an action, act, deed","una acción"
"1975","an acceptance, approval","una aceptación"
"1976","an actress","una actriz"
"1977","an action, acting","una actuación"
"1978","a present (time)","una actualidad"
"1979","an accusation, charge","una acusación"
"1980","an administration","una administración"
"1981","an adolescence","una adolescencia"
"1982","an adoption","una adopción"
"1983","an acquisition","una adquisición"
"1984","a warning, notice","una advertencia"
"1985","a fondness, interest","una afición"
"1986","a statement, assertion","una afirmación"
"1987","a diary, agenda, schedule","una agenda"
"1988","an aggression, attack","una agresión"
"1989","a needle, spire, stylus","una aguja"
"1990","a dawn, daybreak","una alba"
"1991","an alert","una alerta"
"1992","a rug, carpet, mat","una alfombra"
"1993","an alliance","una alianza"
"1994","a soul","una alma"
"1995","an alternative","una alternativa"
"1996","an allusion, hint","una alusión"
"1997","a bitterness, sorrow","una amargura"
"1998","an ambition","una ambición"
"1999","a friend (f)","una amiga"
"2000","an enlargement, extension","una ampliación"
"2001","an anguish, distress","una angustia"
"2002","an antiquity, seniority","una antigüedad"
"2003","an anecdote","una anécdota"
"2004","an appearance, apparition","una aparición"
"2005","an approval, consent","una aprobación"
"2006","a wager, bet","una apuesta"
"2007","a spider","una araña"
"2008","an architecture","una arquitectura"
"2009","a subject, course","una asignatura"
"2010","an attendance, assistance, aid","una asistencia"
"2011","an association","una asociación"
"2012","an atmosphere, environment","una atmósfera"
"2013","an audience, hearing","una audiencia"
"2014","a classroom","una aula"
"2015","an autonomy, range","una autonomía"
"2016","an authorization","una autorización"
"2017","a bird","una ave"
"2018","an adventure","una aventura"
"2019","a help, aid","una ayuda"
"2020","a flag","una bandera"
"2021","a beard","una barba"
"2022","a bar, rod, rail","una barra"
"2023","a barrier, obstacle","una barrera"
"2024","a garbage, rubbish","una basura"
"2025","a scholarship, grant","una beca"
"2026","a beauty","una belleza"
"2027","a Bible","una biblia"
"2028","a library","una biblioteca"
"2029","a welcome, greeting","una bienvenida"
"2030","a biography","una biografía"
"2031","a biology","una biología"
"2032","a mouth, entrance, opening","una boca"
"2033","a cellar, pantry, warehouse","una bodega"
"2034","a ball, sphere","una bola"
"2035","a bomb, explosion, pump","una bomba"
"2036","a goodness, kindness","una bondad"
"2037","a boot, wineskin","una bota"
"2038","a bottle, flask","una botella"
"2039","a bubble","una burbuja"
"2040","a mockery, joke, trick","una burla"
"2041","a search, hunt","una busca"
"2042","a vault, dome","una bóveda"
"2043","a search","una búsqueda"
"2044","a head, header","una cabecera"
"2045","a quality","una calidad"
"2046","a street","una calle"
"2047","a bed (furniture)","una cama"
"2048","a van, bus","una camioneta"
"2049","a layer, coat","una capa"
"2050","a capture, snapshot, screenshot","una captura"
"2051","a characteristic, aspect","una característica"
"2052","a meat, flesh","una carne"
"2053","a folder, file","una carpeta"
"2054","a career, course, race","una carrera"
"2055","a cart, wagon","una carreta"
"2056","a letter, (playing) card","una carta"
"2057","a wallet, satchel","una cartera"
"2058","a cottage","una casita"
"2059","a chance, coincidence","una casualidad"
"2060","a cathedral","una catedral"
"2061","a category","una categoría"
"2062","a catastrophe","una catástrofe"
"2063","a hunting (game)","una caza"
"2064","a cane, reed","una caña"
"2065","a nearness, proximity","una cercanía"
"2066","a ceremony","una ceremonia"
"2067","a certainty","una certeza"
"2068","a talk, chat","una charla"
"2069","a girl, female","una chica"
"2070","a chimney, fireplace","una chimenea"
"2071","a scar","una cicatriz"
"2072","a science, knowledge","una ciencia"
"2073","a summit, peak, top","una cima"
"2074","a surgery","una cirugía"
"2075","a citizenship, citizens","una ciudadanía"
"2076","a civilization","una civilización"
"2077","a kind, class, order","una clase"
"2078","a classification","una clasificación"
"2079","a clinic","una clínica"
"2080","a coverage","una cobertura"
"2081","a cocaine, coke","una coca"
"2082","a kitchen","una cocina"
"2083","a coincidence","una coincidencia"
"2084","a collaboration","una colaboración"
"2085","a colony, cologne","una colonia"
"2086","a column, spine","una columna"
"2087","a combination","una combinación"
"2088","a comedy, play, pretense","una comedia"
"2089","a food, meal","una comida"
"2090","a commission, committee","una comisión"
"2091","a competition, contest","una competencia"
"2092","a competition, contest","una competición"
"2093","a composition, makeup, essay","una composición"
"2094","a shopping, buy, purchase","una compra"
"2095","an understanding","una comprensión"
"2096","a community","una comunidad"
"2097","a concentration, gathering","una concentración"
"2098","a conception","una concepción"
"2099","a shell","una concha"
"2100","a conscience, consciousness","una conciencia"
"2101","a conclusion, end","una conclusión"
"2102","a sentence (in prison), penalty","una condena"
"2103","a condition","una condición"
"2104","a conduct, behavior","una conducta"
"2105","a conference, lecture","una conferencia"
"2106","a confession, admission","una confesión"
"2107","a confidence, trust","una confianza"
"2108","a confusion","una confusión"
"2109","a conquest","una conquista"
"2110","a conservation","una conservación"
"2111","a consideration, regard","una consideración"
"2112","a watchword, motto, slogan","una consigna"
"2113","a console","una consola"
"2114","a constitution","una constitución"
"2115","a contamination, pollution","una contaminación"
"2116","a continuity","una continuidad"
"2117","a contradiction","una contradicción"
"2118","a contribution","una contribución"
"2119","a controversy","una controversia"
"2120","a conversation","una conversación"
"2121","a conversion, change","una conversión"
"2122","a coordination","una coordinación"
"2123","a mountain range","una cordillera"
"2124","a correspondence, connection","una correspondencia"
"2125","a corruption","una corrupción"
"2126","a thing","una cosa"
"2127","a harvest, crop","una cosecha"
"2128","a little thing","una cosita"
"2129","a habit, custom, usage","una costumbre"
"2130","a creation","una creación"
"2131","a belief","una creencia"
"2132","a cream","una crema"
"2133","a creature, child","una criatura"
"2134","a cross, burden","una cruz"
"2135","a breeding, raising","una cría"
"2136","a (city) block","una cuadra"
"2137","a quality, attribute","una cualidad"
"2138","a covering, top, lid","una cubierta"
"2139","a socket, basin, bowl","una cuenca"
"2140","a cord, rope","una cuerda"
"2141","a question, matter","una cuestión"
"2142","a blame, fault","una culpa"
"2143","a summit, top","una cumbre"
"2144","a priest (m), cure (f)","una cura"
"2145","a curiosity, quaintness","una curiosidad"
"2146","a jail, prison","una cárcel"
"2147","a cell (biology)","una célula"
"2148","a cupola, dome","una cúpula"
"2149","a lady, dame","una dama"
"2150","a decision","una decisión"
"2151","a declaration, statement","una declaración"
"2152","a decoration","una decoración"
"2153","a dedication, devotion","una dedicación"
"2154","a deficiency, lack","una deficiencia"
"2155","a definition","una definición"
"2156","a delegation","una delegación"
"2157","a petition, request, demand","una demanda"
"2158","a demonstration","una demostración"
"2159","a name, denomination","una denominación"
"2160","an accusation","una denuncia"
"2161","a dependence, dependency","una dependencia"
"2162","a defeat, loss","una derrota"
"2163","a disappearance","una desaparición"
"2164","an unloading, discharge","una descarga"
"2165","a description","una descripción"
"2166","a desperation, exasperation","una desesperación"
"2167","a misfortune, bad luck","una desgracia"
"2168","a goodbye, farewell","una despedida"
"2169","a detention, arrest","una detención"
"2170","a debt","una deuda"
"2171","a diabetes","una diabet"
"2172","a dictatorship","una dictadura"
"2173","a diet","una dieta"
"2174","a difficulty, obstacle","una dificultad"
"2175","a dimension, size","una dimensión"
"2176","a dynamics","una dinámica"
"2177","a direction, address","una dirección"
"2178","a discrimination","una discriminación"
"2179","a reduction, decrease","una disminución"
"2180","a disposal, disposition","una disposición"
"2181","a dispute, argument, quarrel","una disputa"
"2182","a distinction","una distinción"
"2183","a diversity, variety","una diversidad"
"2184","a doctrine, teachings","una doctrina"
"2185","a documentation","una documentación"
"2186","a donation","una donación"
"2187","a courtesy title (f), Mrs.","una doña"
"2188","a drug","una droga"
"2189","a duration, length","una duración"
"2190","a decade","una década"
"2191","an economy, economics, thriftiness","una economía"
"2192","an edition, publication","una edición"
"2193","an election, choice","una elección"
"2194","an elimination","una eliminación"
"2195","an embassy","una embajada"
"2196","a ship, embarkation","una embarcación"
"2197","an emergency","una emergencia"
"2198","a radiation, release, dispersion, broadcast, emission","una emisión"
"2199","an emotion, excitement","una emoción"
"2200","a poll, survey, inquiry","una encuesta"
"2201","an illness, sickness","una enfermedad"
"2202","a teaching, instruction","una enseñanza"
"2203","an insides, bowels","una entraña"
"2204","a delivery","una entrega"
"2205","an interview, meeting","una entrevista"
"2206","an envy","una envidia"
"2207","a stairs, ladder","una escalera"
"2208","a scarcity, shortage","una escasez"
"2209","a scene, stage, setting","una escena"
"2210","a slavery","una esclavitud"
"2211","a writing, scripture","una escritura"
"2212","a sculpture, carving","una escultura"
"2213","a sphere, globe","una esfera"
"2214","a speculation, conjecture","una especulación"
"2215","a wife","una esposa"
"2216","a corner","una esquina"
"2217","a stability","una estabilidad"
"2218","a statistic","una estadística"
"2219","a stay, stance, ranch","una estancia"
"2220","a statue","una estatua"
"2221","a stature, height","una estatura"
"2222","an estimate","una estimación"
"2223","a star","una estrella"
"2224","a structure","una estructura"
"2225","a stupidity, stupid thing","una estupidez"
"2226","a stage, period","una etapa"
"2227","a label, etiquette","una etiqueta"
"2228","an evaluation, assessment","una evaluación"
"2229","an exception","una excepción"
"2230","an excursion","una excursión"
"2231","an excuse","una excusa"
"2232","an exhibition, showing","una exhibición"
"2233","an explanation","una explicación"
"2234","an exploration","una exploración"
"2235","an expulsion, ejection","una expulsión"
"2236","an extinction","una extinción"
"2237","an ease, facility","una facilidad"
"2238","a reputation, fame","una fama"
"2239","a family","una familia"
"2240","a pharmacy, drugstore","una farmacia"
"2241","a fauna, wildlife","una fauna"
"2242","a date, day","una fecha"
"2243","a federation","una federación"
"2244","a fiber, grain","una fibra"
"2245","a fever, excitement","una fiebre"
"2246","a party, feast","una fiesta"
"2247","a philosophy","una filosofía"
"2248","a purpose, aim","una finalidad"
"2249","a financing, funding","una financiación"
"2250","a treasury, finances","una finanza"
"2251","a company, signature, signing","una firma"
"2252","a firmness","una firmeza"
"2253","an arrow, dart","una flecha"
"2254","a fleet","una flota"
"2255","a formation, education","una formación"
"2256","a fortress, strength","una fortaleza"
"2257","a photo, picture","una foto"
"2258","a photograph","una fotografía"
"2259","a frequency","una frecuencia"
"2260","a frustration","una frustración"
"2261","a source","una fuente"
"2262","a strength, force, power","una fuerza"
"2263","a flight, escape","una fuga"
"2264","a function, meeting","una función"
"2265","a fusion, union","una fusión"
"2266","a factory, manufacture","una fábrica"
"2267","a gala (performance/ dinner)","una gala"
"2268","a galaxy","una galaxia"
"2269","a gallery, balcony","una galería"
"2270","a range, musical scale","una gama"
"2271","a desire","una gana"
"2272","a gain, profit","una ganancia"
"2273","a throat, gorge","una garganta"
"2274","a generation","una generación"
"2275","a people","una gente"
"2276","a geography","una geografía"
"2277","a glory, fame","una gloria"
"2278","a government, management","una gobernación"
"2279","a drop","una gota"
"2280","a (pl) thank you","una gracia"
"2281","a grace, favor","una gracia"
"2282","a war, warfare","una guerra"
"2283","a guitar","una guitarra"
"2284","a guide, leader","una guía"
"2285","a room, bedroom, habitat","una habitación"
"2286","a speech, talking","una habla"
"2287","a ranch","una hacienda"
"2288","a hunger, starvation","una hambre"
"2289","a deed, heroic feat","una hazaña"
"2290","a hectare","una hectárea"
"2291","a female, woman","una hembra"
"2292","a sister","una hermana"
"2293","a tool","una herramienta"
"2294","an herb, grass, weed","una hierba"
"2295","a daughter","una hija"
"2296","an ant","una hormiga"
"2297","a hormone","una hormona"
"2298","a humanity, mankind","una humanidad"
"2299","an idea","una idea"
"2300","an identity","una identidad"
"2301","an illustration","una ilustración"
"2302","an image, picture","una imagen"
"2303","an impatience","una impaciencia"
"2304","an import, importation","una importación"
"2305","an importance","una importancia"
"2306","an impression, printing","una impresión"
"2307","an uncertainty","una incertidumbre"
"2308","a slope, incline, tendency","una inclinación"
"2309","an indication","una indicación"
"2310","an industry, factory","una industria"
"2311","an inflation","una inflación"
"2312","an influence","una influencia"
"2313","an information","una información"
"2314","an infrastructure","una infraestructura"
"2315","an innovation","una innovación"
"2316","an innocence","una inocencia"
"2317","an inspiration, inhalation","una inspiración"
"2318","an instance","una instancia"
"2319","an institution","una institución"
"2320","an instruction","una instrucción"
"2321","an integration","una integración"
"2322","an integrity","una integridad"
"2323","an intelligence","una inteligencia"
"2324","an interpretation, interpreting","una interpretación"
"2325","an intervention","una intervención"
"2326","a private life, intimacy","una intimidad"
"2327","a flood, deluge","una inundación"
"2328","an investment, outlay","una inversión"
"2329","an investigation","una investigación"
"2330","an invitation","una invitación"
"2331","an irony","una ironía"
"2332","an island","una isla"
"2333","a left","una izquierda"
"2334","a cage, crate, playpen","una jaula"
"2335","a hierarchy, rank","una jerarquía"
"2336","a jewel, treasure","una joya"
"2337","a move, play","una jugada"
"2338","a justification","una justificación"
"2339","a youth","una juventud"
"2340","a lagoon","una laguna"
"2341","a wool","una lana"
"2342","a (tin) can","una lata"
"2343","a milk","una leche"
"2344","a reading","una lectura"
"2345","a legislation","una legislación"
"2346","a slowness","una lentitud"
"2347","a legend","una leyenda"
"2348","a firewood","una leña"
"2349","a league, elastic band","una liga"
"2350","a cleanliness, purity","una limpieza"
"2351","a call, knock","una llamada"
"2352","a key, faucet, wrench","una llave"
"2353","a town, locality","una localidad"
"2354","a madness, insanity","una locura"
"2355","a length, longitude","una longitud"
"2356","a moon","una luna"
"2357","a light","una luz"
"2358","a shame, pity","una lástima"
"2359","a logic","una lógica"
"2360","a wood","una madera"
"2361","a mother","una madre"
"2362","a maturity, ripeness","una madurez"
"2363","a magic","una magia"
"2364","an evil, wickedness","una maldad"
"2365","a stain, spot","una mancha"
"2366","a sleeve","una manga"
"2367","a maneuver, operation","una maniobra"
"2368","a mark, brand, trademark","una marca"
"2369","a wave, tide, ebb","una marea"
"2370","a butterfly, wing nut","una mariposa"
"2371","a mass, dough, bulk, crowd","una masa"
"2372","a morning, tomorrow","una mañana"
"2373","a medal, medallion","una medalla"
"2374","a medicine","una medicina"
"2375","a measure","una medida"
"2376","a meditation","una meditación"
"2377","an improvement","una mejora"
"2378","a melody","una melodía"
"2379","a memory","una memoria"
"2380","a mention","una mención"
"2381","a mind","una mente"
"2382","a favor, mercy","una merced"
"2383","a goal, aim, purpose","una meta"
"2384","a honey","una miel"
"2385","a shit, crap, excrement","una mierda"
"2386","a migration","una migración"
"2387","a mining","una minería"
"2388","a minority","una minoría"
"2389","a gaze, look","una mirada"
"2390","a misery, wretchedness","una miseria"
"2391","a mission, task","una misión"
"2392","a fashion, form","una moda"
"2393","a mode, manner","una modalidad"
"2394","a mobility, movement","una movilidad"
"2395","a girl","una muchacha"
"2396","a proof, sample, sign","una muestra"
"2397","a multitude","una multitud"
"2398","a machine","una máquina"
"2399","a buttocks, backside, bottom","una nalga"
"2400","an orange (fruit)","una naranja"
"2401","a narrative, story","una narrativa"
"2402","a nature, character","una naturaleza"
"2403","a spacecraft, ship","una nave"
"2404","a navigation, shipping","una navegación"
"2405","a Christmas","una navidad"
"2406","a negotiation","una negociación"
"2407","a snow","una nieve"
"2408","a child, young girl","una niña"
"2409","a night, evening","una noche"
"2410","a notion, idea","una noción"
"2411","a standard, pattern, norm","una norma"
"2412","a note, grade","una nota"
"2413","a news","una noticia"
"2414","a girlfriend, bride","una novia"
"2415","a cloud","una nube"
"2416","an obligation","una obligación"
"2417","an observation","una observación"
"2418","an opportunity, occasion","una ocasión"
"2419","an offer, bid, supply","una oferta"
"2420","an office","una oficina"
"2421","a wave, ripple","una onda"
"2422","an option, choice","una opción"
"2423","an operation","una operación"
"2424","an opinion, view","una opinión"
"2425","an opportunity, chance","una oportunidad"
"2426","an opposition","una oposición"
"2427","an order","una orden"
"2428","an ear","una oreja"
"2429","a shore, edge","una orilla"
"2430","an orchestra, dance band","una orquesta"
"2431","a patience","una paciencia"
"2432","a straw, thatching","una paja"
"2433","a dove","una paloma"
"2434","a potato","una papa"
"2435","an (interior) wall","una pared"
"2436","a couple, pair","una pareja"
"2437","a parish","una parroquia"
"2438","a participation, involvement","una participación"
"2439","a passion, desire","una pasión"
"2440","a pill, capsule","una pastilla"
"2441","a kick, punt","una patada"
"2442","a native land, fatherland","una patria"
"2443","a pause","una pausa"
"2444","a peace","una paz"
"2445","a fight, quarrel","una pelea"
"2446","a movie, film","una película"
"2447","a trouble","una pena"
"2448","a perfection","una perfección"
"2449","a person","una persona"
"2450","a perspective","una perspectiva"
"2451","a nightmare","una pesadilla"
"2452","a peseta (money)","una peseta"
"2453","an eyelash","una pestaña"
"2454","a pity, mercy","una piedad"
"2455","a leg","una pierna"
"2456","a stack, pile","una pila"
"2457","a painting, paint","una pintura"
"2458","a clue, track, trace","una pista"
"2459","a silver, money","una plata"
"2460","a platform, springboard","una plataforma"
"2461","a beach, seaside","una playa"
"2462","a population","una población"
"2463","a poverty, lack, scarcity","una pobreza"
"2464","a politics, policy","una política"
"2465","a part, portion, share","una porción"
"2466","a possession","una posesión"
"2467","a possibility","una posibilidad"
"2468","a power, potential","una potencia"
"2469","a precision","una precisión"
"2470","a preference","una preferencia"
"2471","a question","una pregunta"
"2472","a preparation, training","una preparación"
"2473","a dam, prisoner (f)","una presa"
"2474","a benefit, lending of service","una prestación"
"2475","a pretension, claim, aspiration","una pretensión"
"2476","a prevention, warning","una prevención"
"2477","a spring, springlike","una primavera"
"2478","a princess","una princesa"
"2479","a prison, imprisonment","una prisión"
"2480","a probability","una probabilidad"
"2481","a problems, difficulties","una problemática"
"2482","a procession","una procesión"
"2483","a depth, profundity","una profundidad"
"2484","a programming, scheduling","una programación"
"2485","an advertising, propaganda","una propaganda"
"2486","a property","una propiedad"
"2487","a proportion","una proporción"
"2488","a proposition","una proposición"
"2489","a proposal, proposition","una propuesta"
"2490","a protection","una protección"
"2491","an objection, protest","una protesta"
"2492","a projection, screening","una proyección"
"2493","an advertising, publicity","una publicidad"
"2494","a door","una puerta"
"2495","a pupil","una pupila"
"2496","a purity, chastity","una pureza"
"2497","a page","una página"
"2498","a chemistry, chemist","una química"
"2499","a radio","una radio"
"2500","a race, lineage","una raza"
"2501","a reason","una razón"
"2502","a fulfillment, realization","una realización"
"2503","a reception, waiting room","una recepción"
"2504","a recipe, prescription","una receta"
"2505","a recovery, recuperation","una recuperación"
"2506","a network, net, system","una red"
"2507","a reduction","una reducción"
"2508","a reference, allusion","una referencia"
"2509","a reflection","una reflexión"
"2510","a rule, ruler, regulation","una regla"
"2511","a queen","una reina"
"2512","a relationship, relation","una relación"
"2513","a relevance","una relevancia"
"2514","a religion","una religión"
"2515","a repair, reparation","una reparación"
"2516","a representation","una representación"
"2517","a residence","una residencia"
"2518","a resistance, opposition","una resistencia"
"2519","a restoration, renovation","una restauración"
"2520","a restriction","una restricción"
"2521","a retreat, withdrawal","una retirada"
"2522","a meeting, reunion","una reunión"
"2523","a checking revision","una revisión"
"2524","a riches, wealth","una riqueza"
"2525","a laugh, chuckle","una risa"
"2526","a knee","una rodilla"
"2527","a round","una ronda"
"2528","a wheel","una rueda"
"2529","a route","una ruta"
"2530","a wisdom, knowledge","una sabiduría"
"2531","a salt","una sal"
"2532","an exit, escape, outcome","una salida"
"2533","a health","una salud"
"2534","a salvation, rescue","una salvación"
"2535","a sanction, approval, penalty","una sanción"
"2536","a blood","una sangre"
"2537","a saint (f)","una santa"
"2538","a section, cut","una sección"
"2539","a secretary","una secretaría"
"2540","a thirst","una sed"
"2541","a silk","una seda"
"2542","a security, safety","una seguridad"
"2543","a week","una semana"
"2544","a sensation, feeling","una sensación"
"2545","a separation","una separación"
"2546","a session, meeting","una sesión"
"2547","a sign, mark, seal","una seña"
"2548","a Mrs., lady, madam","una señora"
"2549","a young woman","una señorita"
"2550","a sympathy, affinity","una simpatía"
"2551","a sovereignty","una soberanía"
"2552","a society","una sociedad"
"2553","a loneliness, solitude","una soledad"
"2554","a request, application","una solicitud"
"2555","a solidarity, togetherness","una solidaridad"
"2556","a smile","una sonrisa"
"2557","a soup","una sopa"
"2558","a surprise","una sorpresa"
"2559","an auction","una subasta"
"2560","a surface, area","una superficie"
"2561","a survival","una supervivencia"
"2562","a suspension","una suspensión"
"2563","a substance, essence","una sustancia"
"2564","a synthesis","una síntesi"
"2565","a size (of clothing), stature","una talla"
"2566","an afternoon, evening","una tarde"
"2567","a rate, tariff","una tarifa"
"2568","a card","una tarjeta"
"2569","a rate, fee, levy","una tasa"
"2570","a technology","una tecnología"
"2571","a cloth, fabric","una tela"
"2572","a TV, television","una televisión"
"2573","a temperature","una temperatura"
"2574","a tendency, style","una tendencia"
"2575","a tension, stress, strain","una tensión"
"2576","a shop, store, tent","una tienda"
"2577","a ton","una tonelada"
"2578","a storm","una tormenta"
"2579","a tower","una torre"
"2580","a torture","una tortura"
"2581","a cough","una tos"
"2582","a whole, totality","una totalidad"
"2583","a plot, theme","una trama"
"2584","a trick, trap","una trampa"
"2585","a transaction, deal","una transacción"
"2586","a transformation","una transformación"
"2587","a broadcast, transmission","una transmisión"
"2588","a transparency, slide","una transparencia"
"2589","a transcendent nature, significance","una trascendencia"
"2590","a truce, rest","una tregua"
"2591","a tribe","una tribu"
"2592","a position, location","una ubicación"
"2593","a unit, unity","una unidad"
"2594","an urgency","una urgencia"
"2595","a usefulness, utility","una utilidad"
"2596","a use, utilization","una utilización"
"2597","an assessment, valuation, evaluation","una valoración"
"2598","a variant, difference","una variante"
"2599","a vegetation","una vegetación"
"2600","a speed, velocity","una velocidad"
"2601","a vein","una vena"
"2602","a revenge, vengeance","una venganza"
"2603","a sale","una venta"
"2604","an advantage, benefit","una ventaja"
"2605","a (vehicle) window","una ventanilla"
"2606","a vegetables, greenery","una verdura"
"2607","an embarrassment","una vergüenza"
"2608","a version, account","una versión"
"2609","a time (specific occurrence)","una vez"
"2610","a vibration","una vibración"
"2611","a life","una vida"
"2612","a surveillance, vigilance","una vigilancia"
"2613","a village, town","una villa"
"2614","a violation, rape","una violación"
"2615","a violence","una violencia"
"2616","a vision","una visión"
"2617","a view, sight","una vista"
"2618","a vitamin","una vitamina"
"2619","a widow","una viuda"
"2620","a housing, dwelling","una vivienda"
"2621","a vocation, calling","una vocación"
"2622","a voice","una voz"
"2623","an eve","una víspera"
"2624","an Internet, web","una web"
"2625","an area, zone","una área"
"2626","an opera","una ópera"
"2627","virgin","virgen"
"2628","visitor","visitante"
